"id","price_category.prob...100K","price_category.prob...300K","price_category.prob.100K.150K","price_category.prob.150K.200K","price_category.prob.200K.300K","price_category.response"
5554,0.0238095238095238,0,0.119047619047619,0.714285714285714,0.142857142857143,"150K-200K"
2945,0.113207547169811,0,0.660377358490566,0.169811320754717,0.0566037735849057,"100K-150K"
1546,0,0,0.116279069767442,0.511627906976744,0.372093023255814,"150K-200K"
4449,0.0317460317460318,0.00793650793650794,0.206349206349206,0.619047619047619,0.134920634920635,"150K-200K"
1012,0,0.916289592760181,0,0.0180995475113122,0.0656108597285068,"> 300K"
1613,0,0.113924050632911,0.0126582278481013,0.151898734177215,0.721518987341772,"200K-300K"
3729,0.911602209944751,0,0.0883977900552486,0,0,"< 100K"
2367,0.586666666666667,0,0.4,0,0.0133333333333333,"< 100K"
2925,0.791666666666667,0,0.125,0.0833333333333333,0,"< 100K"
2235,0,0.0591715976331361,0.029585798816568,0.207100591715976,0.70414201183432,"200K-300K"
2119,0.0317460317460318,0.00793650793650794,0.206349206349206,0.619047619047619,0.134920634920635,"150K-200K"
424,0.911602209944751,0,0.0883977900552486,0,0,"< 100K"
5565,0.117021276595745,0,0.686170212765957,0.180851063829787,0.0159574468085106,"100K-150K"
1686,0,0.75,0,0,0.25,"> 300K"
73,0,0.642857142857143,0,0.142857142857143,0.214285714285714,"> 300K"
1354,0.272727272727273,0,0.704545454545455,0.0227272727272727,0,"100K-150K"
421,0.0166666666666667,0,0.716666666666667,0.25,0.0166666666666667,"100K-150K"
1936,0.0454545454545455,0.0454545454545455,0.0909090909090909,0.636363636363636,0.181818181818182,"150K-200K"
3489,0,0.319148936170213,0,0,0.680851063829787,"200K-300K"
4624,0.153846153846154,0.0769230769230769,0.0769230769230769,0.615384615384615,0.0769230769230769,"150K-200K"
5811,0,0.75,0,0,0.25,"> 300K"
4072,0.0602409638554217,0,0.891566265060241,0.0481927710843373,0,"100K-150K"
821,0.223684210526316,0,0.75,0.0131578947368421,0.0131578947368421,"100K-150K"
5881,0,0,0.116279069767442,0.511627906976744,0.372093023255814,"150K-200K"
1172,0,0.05,0.0166666666666667,0.0666666666666667,0.866666666666667,"200K-300K"
5216,0,0,1,0,0,"100K-150K"
4516,0,0.05,0.0166666666666667,0.0666666666666667,0.866666666666667,"200K-300K"
4054,0,0.916289592760181,0,0.0180995475113122,0.0656108597285068,"> 300K"
4660,0,0.0591715976331361,0.029585798816568,0.207100591715976,0.70414201183432,"200K-300K"
6014,0.202020202020202,0,0.626262626262626,0.131313131313131,0.0404040404040404,"100K-150K"
5146,0,0.75,0,0,0.25,"> 300K"
4232,0.350877192982456,0,0.526315789473684,0.0526315789473684,0.0701754385964912,"100K-150K"
1848,0.767123287671233,0,0.232876712328767,0,0,"< 100K"
5542,0,0.896551724137931,0,0,0.103448275862069,"> 300K"
1071,0.0238095238095238,0,0.119047619047619,0.714285714285714,0.142857142857143,"150K-200K"
5240,0.0602409638554217,0,0.891566265060241,0.0481927710843373,0,"100K-150K"
5615,0.0454545454545455,0.0454545454545455,0.0909090909090909,0.636363636363636,0.181818181818182,"150K-200K"
1978,0,0.916289592760181,0,0.0180995475113122,0.0656108597285068,"> 300K"
378,0,0.0591715976331361,0.029585798816568,0.207100591715976,0.70414201183432,"200K-300K"
4364,0.202020202020202,0,0.626262626262626,0.131313131313131,0.0404040404040404,"100K-150K"
3399,0.113207547169811,0,0.660377358490566,0.169811320754717,0.0566037735849057,"100K-150K"
2812,0,0.916289592760181,0,0.0180995475113122,0.0656108597285068,"> 300K"
4120,0.911602209944751,0,0.0883977900552486,0,0,"< 100K"
3194,0.117021276595745,0,0.686170212765957,0.180851063829787,0.0159574468085106,"100K-150K"
2679,0,0.138888888888889,0.138888888888889,0.583333333333333,0.138888888888889,"150K-200K"
3285,0,0.642857142857143,0,0.142857142857143,0.214285714285714,"> 300K"
3740,0.113207547169811,0,0.660377358490566,0.169811320754717,0.0566037735849057,"100K-150K"
3416,0.586666666666667,0,0.4,0,0.0133333333333333,"< 100K"
2862,0.92,0,0.08,0,0,"< 100K"
2226,0.586666666666667,0,0.4,0,0.0133333333333333,"< 100K"
2571,0,0.0666666666666667,0.0666666666666667,0.266666666666667,0.6,"200K-300K"
528,0.130434782608696,0.521739130434783,0.130434782608696,0.0869565217391304,0.130434782608696,"> 300K"
863,0.791666666666667,0,0.125,0.0833333333333333,0,"< 100K"
4943,0.0166666666666667,0,0.716666666666667,0.25,0.0166666666666667,"100K-150K"
4884,0.911602209944751,0,0.0883977900552486,0,0,"< 100K"
848,0,0.05,0.0166666666666667,0.0666666666666667,0.866666666666667,"200K-300K"
394,0.875,0,0.125,0,0,"< 100K"
857,0.117021276595745,0,0.686170212765957,0.180851063829787,0.0159574468085106,"100K-150K"
2552,0,0.0909090909090909,0.0681818181818182,0.227272727272727,0.613636363636364,"200K-300K"
1458,0.911602209944751,0,0.0883977900552486,0,0,"< 100K"
3423,0,0.916289592760181,0,0.0180995475113122,0.0656108597285068,"> 300K"
392,0,0,0,1,0,"150K-200K"
2522,0.153846153846154,0.0769230769230769,0.0769230769230769,0.615384615384615,0.0769230769230769,"150K-200K"
3711,0.0138888888888889,0,0.111111111111111,0.805555555555556,0.0694444444444445,"150K-200K"
1681,0.584269662921348,0,0.359550561797753,0.0449438202247191,0.0112359550561798,"< 100K"
5682,0.911602209944751,0,0.0883977900552486,0,0,"< 100K"
3789,0,0.875,0,0,0.125,"> 300K"
702,0,0.138888888888889,0.138888888888889,0.583333333333333,0.138888888888889,"150K-200K"
4099,0,0.916289592760181,0,0.0180995475113122,0.0656108597285068,"> 300K"
5378,0.130434782608696,0.521739130434783,0.130434782608696,0.0869565217391304,0.130434782608696,"> 300K"
1253,0,0,0.116279069767442,0.511627906976744,0.372093023255814,"150K-200K"
97,0.0138888888888889,0,0.111111111111111,0.805555555555556,0.0694444444444445,"150K-200K"
3272,0,0,0.0476190476190476,0.761904761904762,0.190476190476191,"150K-200K"
484,0.875,0,0.125,0,0,"< 100K"
1193,0.178571428571429,0,0.821428571428571,0,0,"100K-150K"
5147,0,0.916289592760181,0,0.0180995475113122,0.0656108597285068,"> 300K"
3220,0.767123287671233,0,0.232876712328767,0,0,"< 100K"
317,0,0,0.875,0,0.125,"100K-150K"
4069,0,0.642857142857143,0,0.142857142857143,0.214285714285714,"> 300K"
1914,0,0,0.05,0.05,0.9,"200K-300K"
5390,0,0.0909090909090909,0,0.181818181818182,0.727272727272727,"200K-300K"
3765,0,0.916289592760181,0,0.0180995475113122,0.0656108597285068,"> 300K"
5716,0,0.916289592760181,0,0.0180995475113122,0.0656108597285068,"> 300K"
106,0,0,0.857142857142857,0.142857142857143,0,"100K-150K"
1675,0,0,0,0.230769230769231,0.769230769230769,"200K-300K"
2965,0.0138888888888889,0,0.111111111111111,0.805555555555556,0.0694444444444445,"150K-200K"
5260,0.767123287671233,0,0.232876712328767,0,0,"< 100K"
1092,0.791666666666667,0,0.125,0.0833333333333333,0,"< 100K"
1273,0.0344827586206897,0,0.206896551724138,0.724137931034483,0.0344827586206897,"150K-200K"
1779,0,0.0591715976331361,0.029585798816568,0.207100591715976,0.70414201183432,"200K-300K"
3936,0,0.0591715976331361,0.029585798816568,0.207100591715976,0.70414201183432,"200K-300K"
1081,0,0.645161290322581,0,0,0.354838709677419,"> 300K"
3347,0,0.125,0,0.125,0.75,"200K-300K"
2210,0.202020202020202,0,0.626262626262626,0.131313131313131,0.0404040404040404,"100K-150K"
1629,0,0,0.116279069767442,0.511627906976744,0.372093023255814,"150K-200K"
1438,0.350877192982456,0,0.526315789473684,0.0526315789473684,0.0701754385964912,"100K-150K"
4519,0.24,0,0.44,0.24,0.08,"100K-150K"
2429,0,0.266666666666667,0,0.0666666666666667,0.666666666666667,"200K-300K"
2792,0,0.916289592760181,0,0.0180995475113122,0.0656108597285068,"> 300K"
1308,0,0.113924050632911,0.0126582278481013,0.151898734177215,0.721518987341772,"200K-300K"
3668,0,0.0591715976331361,0.029585798816568,0.207100591715976,0.70414201183432,"200K-300K"
527,0,0.0869565217391304,0.0434782608695652,0.217391304347826,0.652173913043478,"200K-300K"
3039,0,0.916289592760181,0,0.0180995475113122,0.0656108597285068,"> 300K"
2583,0,0.0591715976331361,0.029585798816568,0.207100591715976,0.70414201183432,"200K-300K"
1279,0,0.113924050632911,0.0126582278481013,0.151898734177215,0.721518987341772,"200K-300K"
454,0,0.05,0.0166666666666667,0.0666666666666667,0.866666666666667,"200K-300K"
529,0.0317460317460318,0.00793650793650794,0.206349206349206,0.619047619047619,0.134920634920635,"150K-200K"
6063,0.92,0,0.08,0,0,"< 100K"
1428,0.117021276595745,0,0.686170212765957,0.180851063829787,0.0159574468085106,"100K-150K"
52,0,0,0.75,0.25,0,"100K-150K"
4269,0,0.916289592760181,0,0.0180995475113122,0.0656108597285068,"> 300K"
5831,0.791666666666667,0,0.125,0.0833333333333333,0,"< 100K"
4414,0,0.916289592760181,0,0.0180995475113122,0.0656108597285068,"> 300K"
2745,0.911602209944751,0,0.0883977900552486,0,0,"< 100K"
3450,0,0,0,0.230769230769231,0.769230769230769,"200K-300K"
5159,0.584269662921348,0,0.359550561797753,0.0449438202247191,0.0112359550561798,"< 100K"
4982,0,0.916289592760181,0,0.0180995475113122,0.0656108597285068,"> 300K"
2901,0.911602209944751,0,0.0883977900552486,0,0,"< 100K"
3941,0.0454545454545455,0.0454545454545455,0.0909090909090909,0.636363636363636,0.181818181818182,"150K-200K"
1082,0,0.0833333333333333,0,0.833333333333333,0.0833333333333333,"150K-200K"
3722,0,0.916289592760181,0,0.0180995475113122,0.0656108597285068,"> 300K"
2744,0,0,0.181818181818182,0.772727272727273,0.0454545454545455,"150K-200K"
4775,0.92,0,0.08,0,0,"< 100K"
5787,0,0.916289592760181,0,0.0180995475113122,0.0656108597285068,"> 300K"
6029,0.272727272727273,0,0.704545454545455,0.0227272727272727,0,"100K-150K"
2553,0,0.0591715976331361,0.029585798816568,0.207100591715976,0.70414201183432,"200K-300K"
2043,0.350877192982456,0,0.526315789473684,0.0526315789473684,0.0701754385964912,"100K-150K"
5800,0.0138888888888889,0,0.111111111111111,0.805555555555556,0.0694444444444445,"150K-200K"
4589,0.1,0,0.6,0.2,0.1,"100K-150K"
5131,0,0.138888888888889,0.138888888888889,0.583333333333333,0.138888888888889,"150K-200K"
5606,0,0.875,0,0,0.125,"> 300K"
1472,1,0,0,0,0,"< 100K"
2493,0,0,0.181818181818182,0.772727272727273,0.0454545454545455,"150K-200K"
4616,0.117021276595745,0,0.686170212765957,0.180851063829787,0.0159574468085106,"100K-150K"
5754,0.911602209944751,0,0.0883977900552486,0,0,"< 100K"
4758,0.113207547169811,0,0.660377358490566,0.169811320754717,0.0566037735849057,"100K-150K"
2248,0.0238095238095238,0,0.119047619047619,0.714285714285714,0.142857142857143,"150K-200K"
4334,0.0317460317460318,0.00793650793650794,0.206349206349206,0.619047619047619,0.134920634920635,"150K-200K"
2668,0.2,0,0,0.8,0,"150K-200K"
5176,0,0.138888888888889,0.138888888888889,0.583333333333333,0.138888888888889,"150K-200K"
1286,0.791666666666667,0,0.125,0.0833333333333333,0,"< 100K"
4127,0,0,0.116279069767442,0.511627906976744,0.372093023255814,"150K-200K"
5461,0,0.0833333333333333,0,0.833333333333333,0.0833333333333333,"150K-200K"
838,0,0.138888888888889,0.138888888888889,0.583333333333333,0.138888888888889,"150K-200K"
920,0.911602209944751,0,0.0883977900552486,0,0,"< 100K"
816,0,0.916289592760181,0,0.0180995475113122,0.0656108597285068,"> 300K"
1590,0,0,0.111111111111111,0.222222222222222,0.666666666666667,"200K-300K"
956,0.586666666666667,0,0.4,0,0.0133333333333333,"< 100K"
584,0.911602209944751,0,0.0883977900552486,0,0,"< 100K"
203,0.911602209944751,0,0.0883977900552486,0,0,"< 100K"
207,0,0,0,0,1,"200K-300K"
3916,0,0.916289592760181,0,0.0180995475113122,0.0656108597285068,"> 300K"
1104,0,0.266666666666667,0,0.0666666666666667,0.666666666666667,"200K-300K"
2027,0.0138888888888889,0,0.111111111111111,0.805555555555556,0.0694444444444445,"150K-200K"
674,0.586666666666667,0,0.4,0,0.0133333333333333,"< 100K"
55,0,0,0,0,1,"200K-300K"
5817,0.117021276595745,0,0.686170212765957,0.180851063829787,0.0159574468085106,"100K-150K"
1944,0,0,0,1,0,"150K-200K"
5201,0.223684210526316,0,0.75,0.0131578947368421,0.0131578947368421,"100K-150K"
1700,0.117021276595745,0,0.686170212765957,0.180851063829787,0.0159574468085106,"100K-150K"
3528,0.0138888888888889,0,0.111111111111111,0.805555555555556,0.0694444444444445,"150K-200K"
1151,0,0.0909090909090909,0.0681818181818182,0.227272727272727,0.613636363636364,"200K-300K"
3630,0.0317460317460318,0.00793650793650794,0.206349206349206,0.619047619047619,0.134920634920635,"150K-200K"
2339,0,0.916289592760181,0,0.0180995475113122,0.0656108597285068,"> 300K"
4080,0,0,0.588235294117647,0.352941176470588,0.0588235294117647,"100K-150K"
1571,0,0.916289592760181,0,0.0180995475113122,0.0656108597285068,"> 300K"
4109,0,0.0591715976331361,0.029585798816568,0.207100591715976,0.70414201183432,"200K-300K"
1876,0,0,0.111111111111111,0.222222222222222,0.666666666666667,"200K-300K"
1793,0,0.916289592760181,0,0.0180995475113122,0.0656108597285068,"> 300K"
981,0,0,0.05,0.05,0.9,"200K-300K"
5247,0,0.113924050632911,0.0126582278481013,0.151898734177215,0.721518987341772,"200K-300K"
2008,0,0.0591715976331361,0.029585798816568,0.207100591715976,0.70414201183432,"200K-300K"
1826,0.558823529411765,0.147058823529412,0.235294117647059,0.0588235294117647,0,"< 100K"
3386,0.117021276595745,0,0.686170212765957,0.180851063829787,0.0159574468085106,"100K-150K"
469,0,0.0909090909090909,0.0681818181818182,0.227272727272727,0.613636363636364,"200K-300K"
5019,0,0.916289592760181,0,0.0180995475113122,0.0656108597285068,"> 300K"
4396,0.911602209944751,0,0.0883977900552486,0,0,"< 100K"
3937,0,0.05,0.0166666666666667,0.0666666666666667,0.866666666666667,"200K-300K"
4579,0,0.916289592760181,0,0.0180995475113122,0.0656108597285068,"> 300K"
2239,0.178571428571429,0,0.821428571428571,0,0,"100K-150K"
2396,0.223684210526316,0,0.75,0.0131578947368421,0.0131578947368421,"100K-150K"
5408,0,0.138888888888889,0.138888888888889,0.583333333333333,0.138888888888889,"150K-200K"
2907,0,0.916289592760181,0,0.0180995475113122,0.0656108597285068,"> 300K"
4494,0.0454545454545455,0.0454545454545455,0.0909090909090909,0.636363636363636,0.181818181818182,"150K-200K"
823,0,0,0.116279069767442,0.511627906976744,0.372093023255814,"150K-200K"
2464,0.350877192982456,0,0.526315789473684,0.0526315789473684,0.0701754385964912,"100K-150K"
445,0,0.916289592760181,0,0.0180995475113122,0.0656108597285068,"> 300K"
2125,0.911602209944751,0,0.0883977900552486,0,0,"< 100K"
2918,0.117021276595745,0,0.686170212765957,0.180851063829787,0.0159574468085106,"100K-150K"
1636,0,0.0869565217391304,0.0434782608695652,0.217391304347826,0.652173913043478,"200K-300K"
5056,0,0.916289592760181,0,0.0180995475113122,0.0656108597285068,"> 300K"
5439,0.586666666666667,0,0.4,0,0.0133333333333333,"< 100K"
5309,0.586666666666667,0,0.4,0,0.0133333333333333,"< 100K"
361,0,0.0833333333333333,0,0.833333333333333,0.0833333333333333,"150K-200K"
4304,0.223684210526316,0,0.75,0.0131578947368421,0.0131578947368421,"100K-150K"
2818,0.911602209944751,0,0.0883977900552486,0,0,"< 100K"
3807,0,0.0666666666666667,0.0666666666666667,0.266666666666667,0.6,"200K-300K"
4997,0.911602209944751,0,0.0883977900552486,0,0,"< 100K"
3788,0.117021276595745,0,0.686170212765957,0.180851063829787,0.0159574468085106,"100K-150K"
908,0.584269662921348,0,0.359550561797753,0.0449438202247191,0.0112359550561798,"< 100K"
3000,0.911602209944751,0,0.0883977900552486,0,0,"< 100K"
1176,0.113207547169811,0,0.660377358490566,0.169811320754717,0.0566037735849057,"100K-150K"
3757,0,0.769230769230769,0,0,0.230769230769231,"> 300K"
4585,0,0.916289592760181,0,0.0180995475113122,0.0656108597285068,"> 300K"
3338,0.0317460317460318,0.00793650793650794,0.206349206349206,0.619047619047619,0.134920634920635,"150K-200K"
6105,0,0.266666666666667,0,0.0666666666666667,0.666666666666667,"200K-300K"
1725,0,0,0.116279069767442,0.511627906976744,0.372093023255814,"150K-200K"
562,0,0.113924050632911,0.0126582278481013,0.151898734177215,0.721518987341772,"200K-300K"
2898,0.117021276595745,0,0.686170212765957,0.180851063829787,0.0159574468085106,"100K-150K"
3122,0,0.113924050632911,0.0126582278481013,0.151898734177215,0.721518987341772,"200K-300K"
285,0.0602409638554217,0,0.891566265060241,0.0481927710843373,0,"100K-150K"
1578,0.767123287671233,0,0.232876712328767,0,0,"< 100K"
5703,0.117021276595745,0,0.686170212765957,0.180851063829787,0.0159574468085106,"100K-150K"
5212,0.117021276595745,0,0.686170212765957,0.180851063829787,0.0159574468085106,"100K-150K"
5834,0,0.05,0.0166666666666667,0.0666666666666667,0.866666666666667,"200K-300K"
4885,0,0.109375,0.03125,0.203125,0.65625,"200K-300K"
3553,0,0.0869565217391304,0.0434782608695652,0.217391304347826,0.652173913043478,"200K-300K"
1986,0,0,0.222222222222222,0.666666666666667,0.111111111111111,"150K-200K"
5358,0,0.109375,0.03125,0.203125,0.65625,"200K-300K"
1541,0.117021276595745,0,0.686170212765957,0.180851063829787,0.0159574468085106,"100K-150K"
633,0,0.916289592760181,0,0.0180995475113122,0.0656108597285068,"> 300K"
4979,0.0602409638554217,0,0.891566265060241,0.0481927710843373,0,"100K-150K"
116,0,0.0869565217391304,0.0434782608695652,0.217391304347826,0.652173913043478,"200K-300K"
1588,0,0.916289592760181,0,0.0180995475113122,0.0656108597285068,"> 300K"
5613,0.202020202020202,0,0.626262626262626,0.131313131313131,0.0404040404040404,"100K-150K"
397,0,0.916289592760181,0,0.0180995475113122,0.0656108597285068,"> 300K"
4976,0,0,0.588235294117647,0.352941176470588,0.0588235294117647,"100K-150K"
4171,0,0.916289592760181,0,0.0180995475113122,0.0656108597285068,"> 300K"
3371,0,0.722222222222222,0,0,0.277777777777778,"> 300K"
2154,0.8,0,0.2,0,0,"< 100K"
852,0.0238095238095238,0,0.119047619047619,0.714285714285714,0.142857142857143,"150K-200K"
180,0,0.75,0,0,0.25,"> 300K"
5009,0,0,0.116279069767442,0.511627906976744,0.372093023255814,"150K-200K"
3519,0,0.916289592760181,0,0.0180995475113122,0.0656108597285068,"> 300K"
3298,0.0602409638554217,0,0.891566265060241,0.0481927710843373,0,"100K-150K"
856,0,0.875,0,0,0.125,"> 300K"
5964,0,0.266666666666667,0,0.0666666666666667,0.666666666666667,"200K-300K"
1738,0,0.0714285714285714,0,0.0714285714285714,0.857142857142857,"200K-300K"
5069,0.0454545454545455,0.0454545454545455,0.0909090909090909,0.636363636363636,0.181818181818182,"150K-200K"
4027,0,0.113924050632911,0.0126582278481013,0.151898734177215,0.721518987341772,"200K-300K"
4104,0,0.0591715976331361,0.029585798816568,0.207100591715976,0.70414201183432,"200K-300K"
1902,0,0.266666666666667,0,0.0666666666666667,0.666666666666667,"200K-300K"
5206,0.0344827586206897,0,0.206896551724138,0.724137931034483,0.0344827586206897,"150K-200K"
1066,0,0,0,1,0,"150K-200K"
5547,0,0.113924050632911,0.0126582278481013,0.151898734177215,0.721518987341772,"200K-300K"
2902,0,0.0591715976331361,0.029585798816568,0.207100591715976,0.70414201183432,"200K-300K"
705,0,0.109375,0.03125,0.203125,0.65625,"200K-300K"
1140,0,0.0714285714285714,0,0.0714285714285714,0.857142857142857,"200K-300K"
4692,0,0.916289592760181,0,0.0180995475113122,0.0656108597285068,"> 300K"
1971,0.223684210526316,0,0.75,0.0131578947368421,0.0131578947368421,"100K-150K"
2702,0,0.0909090909090909,0.0681818181818182,0.227272727272727,0.613636363636364,"200K-300K"
4280,0.294117647058824,0,0.705882352941176,0,0,"100K-150K"
1350,0.558823529411765,0.147058823529412,0.235294117647059,0.0588235294117647,0,"< 100K"
1402,0.8125,0,0.1875,0,0,"< 100K"
2733,0,0.645161290322581,0,0,0.354838709677419,"> 300K"
4349,0.911602209944751,0,0.0883977900552486,0,0,"< 100K"
4279,0.584269662921348,0,0.359550561797753,0.0449438202247191,0.0112359550561798,"< 100K"
1620,0.911602209944751,0,0.0883977900552486,0,0,"< 100K"
5630,0,0.113924050632911,0.0126582278481013,0.151898734177215,0.721518987341772,"200K-300K"
1483,0.0138888888888889,0,0.111111111111111,0.805555555555556,0.0694444444444445,"150K-200K"
16,0,0.916289592760181,0,0.0180995475113122,0.0656108597285068,"> 300K"
6080,0.0317460317460318,0.00793650793650794,0.206349206349206,0.619047619047619,0.134920634920635,"150K-200K"
3123,0,0,0.875,0,0.125,"100K-150K"
2525,0.117021276595745,0,0.686170212765957,0.180851063829787,0.0159574468085106,"100K-150K"
1535,0,0.916289592760181,0,0.0180995475113122,0.0656108597285068,"> 300K"
4241,0.0454545454545455,0.0454545454545455,0.0909090909090909,0.636363636363636,0.181818181818182,"150K-200K"
5688,0.911602209944751,0,0.0883977900552486,0,0,"< 100K"
3888,0,0.916289592760181,0,0.0180995475113122,0.0656108597285068,"> 300K"
2322,0.584269662921348,0,0.359550561797753,0.0449438202247191,0.0112359550561798,"< 100K"
1659,0,0.916289592760181,0,0.0180995475113122,0.0656108597285068,"> 300K"
5150,0,0.113924050632911,0.0126582278481013,0.151898734177215,0.721518987341772,"200K-300K"
5633,0,0.645161290322581,0,0,0.354838709677419,"> 300K"
6028,0,0.916289592760181,0,0.0180995475113122,0.0656108597285068,"> 300K"
1853,0,0.0591715976331361,0.029585798816568,0.207100591715976,0.70414201183432,"200K-300K"
5963,0.223684210526316,0,0.75,0.0131578947368421,0.0131578947368421,"100K-150K"
2616,0.117021276595745,0,0.686170212765957,0.180851063829787,0.0159574468085106,"100K-150K"
3196,0.911602209944751,0,0.0883977900552486,0,0,"< 100K"
5760,0.117021276595745,0,0.686170212765957,0.180851063829787,0.0159574468085106,"100K-150K"
3909,0,0,1,0,0,"100K-150K"
2952,0.911602209944751,0,0.0883977900552486,0,0,"< 100K"
3656,0,0.319148936170213,0,0,0.680851063829787,"200K-300K"
369,0.0602409638554217,0,0.891566265060241,0.0481927710843373,0,"100K-150K"
4969,0,0,1,0,0,"100K-150K"
914,0,0.266666666666667,0,0.0666666666666667,0.666666666666667,"200K-300K"
5428,0,0.05,0.0166666666666667,0.0666666666666667,0.866666666666667,"200K-300K"
3345,0.117021276595745,0,0.686170212765957,0.180851063829787,0.0159574468085106,"100K-150K"
4135,0.767123287671233,0,0.232876712328767,0,0,"< 100K"
4084,0,0,0.05,0.05,0.9,"200K-300K"
4303,0,0.138888888888889,0.138888888888889,0.583333333333333,0.138888888888889,"150K-200K"
3308,0,0,0.116279069767442,0.511627906976744,0.372093023255814,"150K-200K"
4698,0,0.0591715976331361,0.029585798816568,0.207100591715976,0.70414201183432,"200K-300K"
1265,0.92,0,0.08,0,0,"< 100K"
4382,0.92,0,0.08,0,0,"< 100K"
6078,0,0,0.116279069767442,0.511627906976744,0.372093023255814,"150K-200K"
4153,0,0.05,0.0166666666666667,0.0666666666666667,0.866666666666667,"200K-300K"
1481,0,0.722222222222222,0,0,0.277777777777778,"> 300K"
1004,0.117021276595745,0,0.686170212765957,0.180851063829787,0.0159574468085106,"100K-150K"
3313,0,0.138888888888889,0.138888888888889,0.583333333333333,0.138888888888889,"150K-200K"
4425,0,0.109375,0.03125,0.203125,0.65625,"200K-300K"
3568,0.0602409638554217,0,0.891566265060241,0.0481927710843373,0,"100K-150K"
5107,0,0,0.75,0.25,0,"100K-150K"
2610,0.767123287671233,0,0.232876712328767,0,0,"< 100K"
25,0,0,0.116279069767442,0.511627906976744,0.372093023255814,"150K-200K"
1046,0.911602209944751,0,0.0883977900552486,0,0,"< 100K"
5478,0.911602209944751,0,0.0883977900552486,0,0,"< 100K"
2282,0,0.0591715976331361,0.029585798816568,0.207100591715976,0.70414201183432,"200K-300K"
3076,0,0.0869565217391304,0.0434782608695652,0.217391304347826,0.652173913043478,"200K-300K"
5380,0.0138888888888889,0,0.111111111111111,0.805555555555556,0.0694444444444445,"150K-200K"
5077,0.586666666666667,0,0.4,0,0.0133333333333333,"< 100K"
5295,0,0,0,0,1,"200K-300K"
443,0,0.916289592760181,0,0.0180995475113122,0.0656108597285068,"> 300K"
3602,0.350877192982456,0,0.526315789473684,0.0526315789473684,0.0701754385964912,"100K-150K"
5284,0.584269662921348,0,0.359550561797753,0.0449438202247191,0.0112359550561798,"< 100K"
5559,0,0.916289592760181,0,0.0180995475113122,0.0656108597285068,"> 300K"
1760,0.350877192982456,0,0.526315789473684,0.0526315789473684,0.0701754385964912,"100K-150K"
5932,0,0,0,0,1,"200K-300K"
1728,0.0317460317460318,0.00793650793650794,0.206349206349206,0.619047619047619,0.134920634920635,"150K-200K"
431,0,0.916289592760181,0,0.0180995475113122,0.0656108597285068,"> 300K"
1820,0.223684210526316,0,0.75,0.0131578947368421,0.0131578947368421,"100K-150K"
4908,0,0.05,0.0166666666666667,0.0666666666666667,0.866666666666667,"200K-300K"
2313,0,0,0.116279069767442,0.511627906976744,0.372093023255814,"150K-200K"
5537,0,0,0.116279069767442,0.511627906976744,0.372093023255814,"150K-200K"
2588,0.0166666666666667,0,0.716666666666667,0.25,0.0166666666666667,"100K-150K"
979,0.0238095238095238,0,0.119047619047619,0.714285714285714,0.142857142857143,"150K-200K"
4311,0.117021276595745,0,0.686170212765957,0.180851063829787,0.0159574468085106,"100K-150K"
5708,0,0,0.116279069767442,0.511627906976744,0.372093023255814,"150K-200K"
5073,0,0,0,1,0,"150K-200K"
5885,0,0.875,0,0,0.125,"> 300K"
5058,0,0.916289592760181,0,0.0180995475113122,0.0656108597285068,"> 300K"
6008,0.0317460317460318,0.00793650793650794,0.206349206349206,0.619047619047619,0.134920634920635,"150K-200K"
3954,0,0.0869565217391304,0.0434782608695652,0.217391304347826,0.652173913043478,"200K-300K"
4339,0.0138888888888889,0,0.111111111111111,0.805555555555556,0.0694444444444445,"150K-200K"
4152,0,0.769230769230769,0,0,0.230769230769231,"> 300K"
2302,0,0.113924050632911,0.0126582278481013,0.151898734177215,0.721518987341772,"200K-300K"
4088,0.584269662921348,0,0.359550561797753,0.0449438202247191,0.0112359550561798,"< 100K"
3648,0.911602209944751,0,0.0883977900552486,0,0,"< 100K"
4492,0,0.109375,0.03125,0.203125,0.65625,"200K-300K"
255,0,0,0.05,0.05,0.9,"200K-300K"
3038,0,0.916289592760181,0,0.0180995475113122,0.0656108597285068,"> 300K"
3383,0,0,0.116279069767442,0.511627906976744,0.372093023255814,"150K-200K"
3289,0.0317460317460318,0.00793650793650794,0.206349206349206,0.619047619047619,0.134920634920635,"150K-200K"
4612,0.911602209944751,0,0.0883977900552486,0,0,"< 100K"
4224,0,0,0,0,1,"200K-300K"
1536,0,0,0,0,1,"200K-300K"
5381,0,0.0666666666666667,0.0666666666666667,0.266666666666667,0.6,"200K-300K"
6102,0,0,0.116279069767442,0.511627906976744,0.372093023255814,"150K-200K"
5417,0.294117647058824,0,0.705882352941176,0,0,"100K-150K"
2174,0,0,0.05,0.05,0.9,"200K-300K"
5249,0,0.266666666666667,0,0.0666666666666667,0.666666666666667,"200K-300K"
2564,0.294117647058824,0,0.705882352941176,0,0,"100K-150K"
6082,0,0.0909090909090909,0.0681818181818182,0.227272727272727,0.613636363636364,"200K-300K"
4839,0,0.645161290322581,0,0,0.354838709677419,"> 300K"
5544,0.117021276595745,0,0.686170212765957,0.180851063829787,0.0159574468085106,"100K-150K"
2646,0.558823529411765,0.147058823529412,0.235294117647059,0.0588235294117647,0,"< 100K"
901,0.117021276595745,0,0.686170212765957,0.180851063829787,0.0159574468085106,"100K-150K"
927,0,0.0714285714285714,0,0.0714285714285714,0.857142857142857,"200K-300K"
4468,0,0.645161290322581,0,0,0.354838709677419,"> 300K"
916,0.1,0,0.6,0.2,0.1,"100K-150K"
2565,0.223684210526316,0,0.75,0.0131578947368421,0.0131578947368421,"100K-150K"
5034,0,0,0,1,0,"150K-200K"
5377,0,0,0.116279069767442,0.511627906976744,0.372093023255814,"150K-200K"
6058,0,0.0909090909090909,0.0681818181818182,0.227272727272727,0.613636363636364,"200K-300K"
689,0,0,0,0,1,"200K-300K"
4195,0.350877192982456,0,0.526315789473684,0.0526315789473684,0.0701754385964912,"100K-150K"
458,0.0317460317460318,0.00793650793650794,0.206349206349206,0.619047619047619,0.134920634920635,"150K-200K"
420,0,0.113924050632911,0.0126582278481013,0.151898734177215,0.721518987341772,"200K-300K"
1678,0,0.916289592760181,0,0.0180995475113122,0.0656108597285068,"> 300K"
4208,0,0.916289592760181,0,0.0180995475113122,0.0656108597285068,"> 300K"
5945,0.92,0,0.08,0,0,"< 100K"
5422,0.8125,0,0.1875,0,0,"< 100K"
4073,0.117021276595745,0,0.686170212765957,0.180851063829787,0.0159574468085106,"100K-150K"
4356,0.0138888888888889,0,0.111111111111111,0.805555555555556,0.0694444444444445,"150K-200K"
2021,0.0238095238095238,0,0.119047619047619,0.714285714285714,0.142857142857143,"150K-200K"
4512,0,0,0.05,0.05,0.9,"200K-300K"
2715,0.223684210526316,0,0.75,0.0131578947368421,0.0131578947368421,"100K-150K"
3625,0,0.0591715976331361,0.029585798816568,0.207100591715976,0.70414201183432,"200K-300K"
4267,0.0344827586206897,0,0.206896551724138,0.724137931034483,0.0344827586206897,"150K-200K"
4749,0.113207547169811,0,0.660377358490566,0.169811320754717,0.0566037735849057,"100K-150K"
960,0.117021276595745,0,0.686170212765957,0.180851063829787,0.0159574468085106,"100K-150K"
3538,0.0602409638554217,0,0.891566265060241,0.0481927710843373,0,"100K-150K"
4044,0,0.916289592760181,0,0.0180995475113122,0.0656108597285068,"> 300K"
1946,0.113207547169811,0,0.660377358490566,0.169811320754717,0.0566037735849057,"100K-150K"
362,0,0.05,0.15,0.55,0.25,"150K-200K"
594,0,0.75,0,0,0.25,"> 300K"
3113,0.223684210526316,0,0.75,0.0131578947368421,0.0131578947368421,"100K-150K"
1568,0.586666666666667,0,0.4,0,0.0133333333333333,"< 100K"
1269,0,0,0,1,0,"150K-200K"
2178,0,0.109375,0.03125,0.203125,0.65625,"200K-300K"
569,0,0.916289592760181,0,0.0180995475113122,0.0656108597285068,"> 300K"
2861,0.350877192982456,0,0.526315789473684,0.0526315789473684,0.0701754385964912,"100K-150K"
4615,0,0.916289592760181,0,0.0180995475113122,0.0656108597285068,"> 300K"
5768,0,0.109375,0.03125,0.203125,0.65625,"200K-300K"
2683,0,0.916289592760181,0,0.0180995475113122,0.0656108597285068,"> 300K"
2450,0.223684210526316,0,0.75,0.0131578947368421,0.0131578947368421,"100K-150K"
1759,0,0.916289592760181,0,0.0180995475113122,0.0656108597285068,"> 300K"
1366,0,0,0.588235294117647,0.352941176470588,0.0588235294117647,"100K-150K"
5421,0,0.916289592760181,0,0.0180995475113122,0.0656108597285068,"> 300K"
130,0,0.0909090909090909,0.0681818181818182,0.227272727272727,0.613636363636364,"200K-300K"
81,0.584269662921348,0,0.359550561797753,0.0449438202247191,0.0112359550561798,"< 100K"
2095,0,0,0,0.230769230769231,0.769230769230769,"200K-300K"
4829,0,0,0.116279069767442,0.511627906976744,0.372093023255814,"150K-200K"
1420,0,0,0,0,1,"200K-300K"
2454,0.117021276595745,0,0.686170212765957,0.180851063829787,0.0159574468085106,"100K-150K"
4469,0,0,0,1,0,"150K-200K"
5672,0.202020202020202,0,0.626262626262626,0.131313131313131,0.0404040404040404,"100K-150K"
4854,0.0166666666666667,0,0.716666666666667,0.25,0.0166666666666667,"100K-150K"
1262,0,0.0591715976331361,0.029585798816568,0.207100591715976,0.70414201183432,"200K-300K"
4964,0,0.05,0.0166666666666667,0.0666666666666667,0.866666666666667,"200K-300K"
1840,0.117021276595745,0,0.686170212765957,0.180851063829787,0.0159574468085106,"100K-150K"
3102,0,0,0.116279069767442,0.511627906976744,0.372093023255814,"150K-200K"
910,0.584269662921348,0,0.359550561797753,0.0449438202247191,0.0112359550561798,"< 100K"
4534,0.911602209944751,0,0.0883977900552486,0,0,"< 100K"
2533,0.223684210526316,0,0.75,0.0131578947368421,0.0131578947368421,"100K-150K"
265,0,0.0591715976331361,0.029585798816568,0.207100591715976,0.70414201183432,"200K-300K"
1950,0.1,0,0.6,0.2,0.1,"100K-150K"
427,0,0.916289592760181,0,0.0180995475113122,0.0656108597285068,"> 300K"
4954,0.0317460317460318,0.00793650793650794,0.206349206349206,0.619047619047619,0.134920634920635,"150K-200K"
1684,0.0166666666666667,0,0.716666666666667,0.25,0.0166666666666667,"100K-150K"
1674,0.223684210526316,0,0.75,0.0131578947368421,0.0131578947368421,"100K-150K"
514,0,0.8,0,0,0.2,"> 300K"
1584,0,0,0,0,1,"200K-300K"
4105,0,0.05,0.0166666666666667,0.0666666666666667,0.866666666666667,"200K-300K"
1772,0,0,1,0,0,"100K-150K"
4674,0.130434782608696,0.521739130434783,0.130434782608696,0.0869565217391304,0.130434782608696,"> 300K"
657,0,0.916289592760181,0,0.0180995475113122,0.0656108597285068,"> 300K"
2797,0,0,0,1,0,"150K-200K"
1666,0.223684210526316,0,0.75,0.0131578947368421,0.0131578947368421,"100K-150K"
4318,0,0,0,0,1,"200K-300K"
4063,0,0.916289592760181,0,0.0180995475113122,0.0656108597285068,"> 300K"
2637,0,0.138888888888889,0.138888888888889,0.583333333333333,0.138888888888889,"150K-200K"
2665,0,0.319148936170213,0,0,0.680851063829787,"200K-300K"
3251,0.223684210526316,0,0.75,0.0131578947368421,0.0131578947368421,"100K-150K"
1580,0.767123287671233,0,0.232876712328767,0,0,"< 100K"
2385,0,0.109375,0.03125,0.203125,0.65625,"200K-300K"
2931,0.75,0.125,0,0.125,0,"< 100K"
1977,0,0.916289592760181,0,0.0180995475113122,0.0656108597285068,"> 300K"
1731,0.911602209944751,0,0.0883977900552486,0,0,"< 100K"
4948,0,0.916289592760181,0,0.0180995475113122,0.0656108597285068,"> 300K"
1070,0.0602409638554217,0,0.891566265060241,0.0481927710843373,0,"100K-150K"
1518,0.0344827586206897,0,0.206896551724138,0.724137931034483,0.0344827586206897,"150K-200K"
6039,0.911602209944751,0,0.0883977900552486,0,0,"< 100K"
213,0,0.916289592760181,0,0.0180995475113122,0.0656108597285068,"> 300K"
1785,0,0.0714285714285714,0,0.0714285714285714,0.857142857142857,"200K-300K"
2592,0.911602209944751,0,0.0883977900552486,0,0,"< 100K"
3005,0,0.916289592760181,0,0.0180995475113122,0.0656108597285068,"> 300K"
628,0,0,0,1,0,"150K-200K"
2959,0,1,0,0,0,"> 300K"
2721,0,0.05,0.15,0.55,0.25,"150K-200K"
1528,0,0,0.75,0.25,0,"100K-150K"
4343,0.0166666666666667,0,0.716666666666667,0.25,0.0166666666666667,"100K-150K"
6049,0.117021276595745,0,0.686170212765957,0.180851063829787,0.0159574468085106,"100K-150K"
3421,0,0.138888888888889,0.138888888888889,0.583333333333333,0.138888888888889,"150K-200K"
1645,0,0,1,0,0,"100K-150K"
1775,0.0317460317460318,0.00793650793650794,0.206349206349206,0.619047619047619,0.134920634920635,"150K-200K"
1014,0.272727272727273,0,0.704545454545455,0.0227272727272727,0,"100K-150K"
4569,0.0317460317460318,0.00793650793650794,0.206349206349206,0.619047619047619,0.134920634920635,"150K-200K"
4254,0,0.109375,0.03125,0.203125,0.65625,"200K-300K"
4745,0,0.138888888888889,0.138888888888889,0.583333333333333,0.138888888888889,"150K-200K"
4853,0,0,1,0,0,"100K-150K"
1403,0.202020202020202,0,0.626262626262626,0.131313131313131,0.0404040404040404,"100K-150K"
2059,0,0.0591715976331361,0.029585798816568,0.207100591715976,0.70414201183432,"200K-300K"
190,0,0,0,0,1,"200K-300K"
2104,0,0,0.0714285714285714,0.0714285714285714,0.857142857142857,"200K-300K"
3398,0,0.0833333333333333,0,0.833333333333333,0.0833333333333333,"150K-200K"
1599,0.117021276595745,0,0.686170212765957,0.180851063829787,0.0159574468085106,"100K-150K"
1900,0.586666666666667,0,0.4,0,0.0133333333333333,"< 100K"
3584,0,0.0591715976331361,0.029585798816568,0.207100591715976,0.70414201183432,"200K-300K"
2714,0,0.138888888888889,0.138888888888889,0.583333333333333,0.138888888888889,"150K-200K"
3839,0,0.0591715976331361,0.029585798816568,0.207100591715976,0.70414201183432,"200K-300K"
5137,0,0.0869565217391304,0.0434782608695652,0.217391304347826,0.652173913043478,"200K-300K"
4707,0.117021276595745,0,0.686170212765957,0.180851063829787,0.0159574468085106,"100K-150K"
4119,0.0238095238095238,0,0.119047619047619,0.714285714285714,0.142857142857143,"150K-200K"
1716,0.0317460317460318,0.00793650793650794,0.206349206349206,0.619047619047619,0.134920634920635,"150K-200K"
1721,0,0.138888888888889,0.138888888888889,0.583333333333333,0.138888888888889,"150K-200K"
3033,0,0.916289592760181,0,0.0180995475113122,0.0656108597285068,"> 300K"
5642,0,0.05,0.0166666666666667,0.0666666666666667,0.866666666666667,"200K-300K"
1696,0.0138888888888889,0,0.111111111111111,0.805555555555556,0.0694444444444445,"150K-200K"
5584,0,0.916289592760181,0,0.0180995475113122,0.0656108597285068,"> 300K"
194,0.584269662921348,0,0.359550561797753,0.0449438202247191,0.0112359550561798,"< 100K"
5133,0.202020202020202,0,0.626262626262626,0.131313131313131,0.0404040404040404,"100K-150K"
2699,0,0.916289592760181,0,0.0180995475113122,0.0656108597285068,"> 300K"
412,0,0,0.05,0.05,0.9,"200K-300K"
3752,0.148148148148148,0,0.148148148148148,0.481481481481481,0.222222222222222,"150K-200K"
2340,0,0.916289592760181,0,0.0180995475113122,0.0656108597285068,"> 300K"
3893,0.767123287671233,0,0.232876712328767,0,0,"< 100K"
2196,0,0.916289592760181,0,0.0180995475113122,0.0656108597285068,"> 300K"
1226,0.586666666666667,0,0.4,0,0.0133333333333333,"< 100K"
3594,0.0317460317460318,0.00793650793650794,0.206349206349206,0.619047619047619,0.134920634920635,"150K-200K"
3377,0,0.916289592760181,0,0.0180995475113122,0.0656108597285068,"> 300K"
5697,0,0,0.588235294117647,0.352941176470588,0.0588235294117647,"100K-150K"
2189,0,0.266666666666667,0,0.0666666666666667,0.666666666666667,"200K-300K"
2186,0.0317460317460318,0.00793650793650794,0.206349206349206,0.619047619047619,0.134920634920635,"150K-200K"
1220,0,0,0.857142857142857,0.142857142857143,0,"100K-150K"
557,0.911602209944751,0,0.0883977900552486,0,0,"< 100K"
6015,0.586666666666667,0,0.4,0,0.0133333333333333,"< 100K"
3473,0.113207547169811,0,0.660377358490566,0.169811320754717,0.0566037735849057,"100K-150K"
1278,0.117021276595745,0,0.686170212765957,0.180851063829787,0.0159574468085106,"100K-150K"
1609,0.0317460317460318,0.00793650793650794,0.206349206349206,0.619047619047619,0.134920634920635,"150K-200K"
4889,0.767123287671233,0,0.232876712328767,0,0,"< 100K"
5352,0.350877192982456,0,0.526315789473684,0.0526315789473684,0.0701754385964912,"100K-150K"
3333,0,0.916289592760181,0,0.0180995475113122,0.0656108597285068,"> 300K"
2624,0,0.0591715976331361,0.029585798816568,0.207100591715976,0.70414201183432,"200K-300K"
1981,0,0.05,0.15,0.55,0.25,"150K-200K"
2557,0,0.05,0.0166666666666667,0.0666666666666667,0.866666666666667,"200K-300K"
3279,0,0.0591715976331361,0.029585798816568,0.207100591715976,0.70414201183432,"200K-300K"
4798,0.0602409638554217,0,0.891566265060241,0.0481927710843373,0,"100K-150K"
5643,0,0,0.116279069767442,0.511627906976744,0.372093023255814,"150K-200K"
2309,0.0602409638554217,0,0.891566265060241,0.0481927710843373,0,"100K-150K"
5673,0,1,0,0,0,"> 300K"
679,0.0344827586206897,0,0.206896551724138,0.724137931034483,0.0344827586206897,"150K-200K"
4399,0.584269662921348,0,0.359550561797753,0.0449438202247191,0.0112359550561798,"< 100K"
1453,0.0238095238095238,0,0.119047619047619,0.714285714285714,0.142857142857143,"150K-200K"
4949,0.0166666666666667,0,0.716666666666667,0.25,0.0166666666666667,"100K-150K"
5923,0,0.05,0.15,0.55,0.25,"150K-200K"
4587,0,0,0.116279069767442,0.511627906976744,0.372093023255814,"150K-200K"
5120,0,0,0.181818181818182,0.772727272727273,0.0454545454545455,"150K-200K"
3536,0,0.05,0.0166666666666667,0.0666666666666667,0.866666666666667,"200K-300K"
5082,0.767123287671233,0,0.232876712328767,0,0,"< 100K"
951,0,0.05,0.0166666666666667,0.0666666666666667,0.866666666666667,"200K-300K"
1016,0,0.0591715976331361,0.029585798816568,0.207100591715976,0.70414201183432,"200K-300K"
3856,0,0.916289592760181,0,0.0180995475113122,0.0656108597285068,"> 300K"
2645,0,0.113924050632911,0.0126582278481013,0.151898734177215,0.721518987341772,"200K-300K"
3232,0.272727272727273,0,0.704545454545455,0.0227272727272727,0,"100K-150K"
4932,0,0.916289592760181,0,0.0180995475113122,0.0656108597285068,"> 300K"
5861,0,0.0909090909090909,0.0681818181818182,0.227272727272727,0.613636363636364,"200K-300K"
4716,0.0317460317460318,0.00793650793650794,0.206349206349206,0.619047619047619,0.134920634920635,"150K-200K"
1446,0.117021276595745,0,0.686170212765957,0.180851063829787,0.0159574468085106,"100K-150K"
497,0,0.769230769230769,0,0,0.230769230769231,"> 300K"
758,0,0.0909090909090909,0.0681818181818182,0.227272727272727,0.613636363636364,"200K-300K"
5097,0.130434782608696,0.521739130434783,0.130434782608696,0.0869565217391304,0.130434782608696,"> 300K"
5228,0.202020202020202,0,0.626262626262626,0.131313131313131,0.0404040404040404,"100K-150K"
1699,0.911602209944751,0,0.0883977900552486,0,0,"< 100K"
693,0.0344827586206897,0,0.206896551724138,0.724137931034483,0.0344827586206897,"150K-200K"
1039,0.0317460317460318,0.00793650793650794,0.206349206349206,0.619047619047619,0.134920634920635,"150K-200K"
4897,0,0.916289592760181,0,0.0180995475113122,0.0656108597285068,"> 300K"
4060,0,0,0.0476190476190476,0.761904761904762,0.190476190476191,"150K-200K"
1877,0.586666666666667,0,0.4,0,0.0133333333333333,"< 100K"
4064,0,0,0.166666666666667,0.5,0.333333333333333,"150K-200K"
5790,0.223684210526316,0,0.75,0.0131578947368421,0.0131578947368421,"100K-150K"
1055,0.0602409638554217,0,0.891566265060241,0.0481927710843373,0,"100K-150K"
287,0.911602209944751,0,0.0883977900552486,0,0,"< 100K"
4360,0.586666666666667,0,0.4,0,0.0133333333333333,"< 100K"
1967,0,0.0591715976331361,0.029585798816568,0.207100591715976,0.70414201183432,"200K-300K"
72,0,0.138888888888889,0.138888888888889,0.583333333333333,0.138888888888889,"150K-200K"
281,0.117021276595745,0,0.686170212765957,0.180851063829787,0.0159574468085106,"100K-150K"
4478,0.0317460317460318,0.00793650793650794,0.206349206349206,0.619047619047619,0.134920634920635,"150K-200K"
7,0,0.916289592760181,0,0.0180995475113122,0.0656108597285068,"> 300K"
5778,0.223684210526316,0,0.75,0.0131578947368421,0.0131578947368421,"100K-150K"
4223,0.0166666666666667,0,0.716666666666667,0.25,0.0166666666666667,"100K-150K"
2373,0,0.138888888888889,0.138888888888889,0.583333333333333,0.138888888888889,"150K-200K"
1788,0.767123287671233,0,0.232876712328767,0,0,"< 100K"
5560,0.586666666666667,0,0.4,0,0.0133333333333333,"< 100K"
1555,0.202020202020202,0,0.626262626262626,0.131313131313131,0.0404040404040404,"100K-150K"
3269,0.0317460317460318,0.00793650793650794,0.206349206349206,0.619047619047619,0.134920634920635,"150K-200K"
3732,0,0.0869565217391304,0.0434782608695652,0.217391304347826,0.652173913043478,"200K-300K"
2831,0,0.916289592760181,0,0.0180995475113122,0.0656108597285068,"> 300K"
393,0,0.916289592760181,0,0.0180995475113122,0.0656108597285068,"> 300K"
461,0,0.138888888888889,0.138888888888889,0.583333333333333,0.138888888888889,"150K-200K"
5415,0.0317460317460318,0.00793650793650794,0.206349206349206,0.619047619047619,0.134920634920635,"150K-200K"
5889,0.117021276595745,0,0.686170212765957,0.180851063829787,0.0159574468085106,"100K-150K"
5179,0,0.319148936170213,0,0,0.680851063829787,"200K-300K"
2431,0.117021276595745,0,0.686170212765957,0.180851063829787,0.0159574468085106,"100K-150K"
2342,0.584269662921348,0,0.359550561797753,0.0449438202247191,0.0112359550561798,"< 100K"
725,0,0.916289592760181,0,0.0180995475113122,0.0656108597285068,"> 300K"
4038,0,0.138888888888889,0.138888888888889,0.583333333333333,0.138888888888889,"150K-200K"
5617,0,0.642857142857143,0,0.142857142857143,0.214285714285714,"> 300K"
3721,0,0.916289592760181,0,0.0180995475113122,0.0656108597285068,"> 300K"
3580,0.0166666666666667,0,0.716666666666667,0.25,0.0166666666666667,"100K-150K"
4891,0.8,0,0.2,0,0,"< 100K"
2348,0,0,0.05,0.05,0.9,"200K-300K"
1581,0,0,0.116279069767442,0.511627906976744,0.372093023255814,"150K-200K"
4947,0.0138888888888889,0,0.111111111111111,0.805555555555556,0.0694444444444445,"150K-200K"
1493,0,0.113924050632911,0.0126582278481013,0.151898734177215,0.721518987341772,"200K-300K"
28,0.911602209944751,0,0.0883977900552486,0,0,"< 100K"
5816,0.148148148148148,0,0.148148148148148,0.481481481481481,0.222222222222222,"150K-200K"
1955,0,0.0833333333333333,0,0.833333333333333,0.0833333333333333,"150K-200K"
781,0,0.0591715976331361,0.029585798816568,0.207100591715976,0.70414201183432,"200K-300K"
3767,0.0166666666666667,0,0.716666666666667,0.25,0.0166666666666667,"100K-150K"
1217,0,0,0.75,0.25,0,"100K-150K"
2742,0,0.916289592760181,0,0.0180995475113122,0.0656108597285068,"> 300K"
5178,0.767123287671233,0,0.232876712328767,0,0,"< 100K"
2756,0,0,0,0,1,"200K-300K"
2085,0.117021276595745,0,0.686170212765957,0.180851063829787,0.0159574468085106,"100K-150K"
4862,0,0.138888888888889,0.138888888888889,0.583333333333333,0.138888888888889,"150K-200K"
5649,0,0.875,0,0,0.125,"> 300K"
430,0.0138888888888889,0,0.111111111111111,0.805555555555556,0.0694444444444445,"150K-200K"
4218,0,0,0.116279069767442,0.511627906976744,0.372093023255814,"150K-200K"
5503,0,0.916289592760181,0,0.0180995475113122,0.0656108597285068,"> 300K"
1409,0.117021276595745,0,0.686170212765957,0.180851063829787,0.0159574468085106,"100K-150K"
4998,0,0.8,0,0,0.2,"> 300K"
4614,0,0.916289592760181,0,0.0180995475113122,0.0656108597285068,"> 300K"
3219,0,0,0.05,0.05,0.9,"200K-300K"
1963,0,0.916289592760181,0,0.0180995475113122,0.0656108597285068,"> 300K"
219,0.0138888888888889,0,0.111111111111111,0.805555555555556,0.0694444444444445,"150K-200K"
5532,0,0.05,0.0166666666666667,0.0666666666666667,0.866666666666667,"200K-300K"
622,0,0,0.0714285714285714,0.0714285714285714,0.857142857142857,"200K-300K"
5841,0.0166666666666667,0,0.716666666666667,0.25,0.0166666666666667,"100K-150K"
2168,0.117021276595745,0,0.686170212765957,0.180851063829787,0.0159574468085106,"100K-150K"
4541,0,0.109375,0.03125,0.203125,0.65625,"200K-300K"
4150,0,0,0,1,0,"150K-200K"
114,0.1,0,0.6,0.2,0.1,"100K-150K"
2361,0.0238095238095238,0,0.119047619047619,0.714285714285714,0.142857142857143,"150K-200K"
5996,0.0602409638554217,0,0.891566265060241,0.0481927710843373,0,"100K-150K"
3028,0.0166666666666667,0,0.716666666666667,0.25,0.0166666666666667,"100K-150K"
1586,0.911602209944751,0,0.0883977900552486,0,0,"< 100K"
5155,0.911602209944751,0,0.0883977900552486,0,0,"< 100K"
1435,0.558823529411765,0.147058823529412,0.235294117647059,0.0588235294117647,0,"< 100K"
853,0.113207547169811,0,0.660377358490566,0.169811320754717,0.0566037735849057,"100K-150K"
5648,0,0.0591715976331361,0.029585798816568,0.207100591715976,0.70414201183432,"200K-300K"
2449,0.911602209944751,0,0.0883977900552486,0,0,"< 100K"
4846,0.0602409638554217,0,0.891566265060241,0.0481927710843373,0,"100K-150K"
2025,0,0,0,1,0,"150K-200K"
625,0,0.916289592760181,0,0.0180995475113122,0.0656108597285068,"> 300K"
4929,0,0,0.116279069767442,0.511627906976744,0.372093023255814,"150K-200K"
1235,0.0138888888888889,0,0.111111111111111,0.805555555555556,0.0694444444444445,"150K-200K"
3716,0.911602209944751,0,0.0883977900552486,0,0,"< 100K"
770,0,0.722222222222222,0,0,0.277777777777778,"> 300K"
4249,0,0.0591715976331361,0.029585798816568,0.207100591715976,0.70414201183432,"200K-300K"
5303,0.350877192982456,0,0.526315789473684,0.0526315789473684,0.0701754385964912,"100K-150K"
2427,0.911602209944751,0,0.0883977900552486,0,0,"< 100K"
2991,0,0,1,0,0,"100K-150K"
612,0.911602209944751,0,0.0883977900552486,0,0,"< 100K"
3651,0.223684210526316,0,0.75,0.0131578947368421,0.0131578947368421,"100K-150K"
5312,0,0,0,0,1,"200K-300K"
1146,0.202020202020202,0,0.626262626262626,0.131313131313131,0.0404040404040404,"100K-150K"
4485,0,0.0714285714285714,0,0.0714285714285714,0.857142857142857,"200K-300K"
111,0,0.642857142857143,0,0.142857142857143,0.214285714285714,"> 300K"
300,0,0,0,0,1,"200K-300K"
5454,0.0602409638554217,0,0.891566265060241,0.0481927710843373,0,"100K-150K"
5614,0,0.916289592760181,0,0.0180995475113122,0.0656108597285068,"> 300K"
205,0.0317460317460318,0.00793650793650794,0.206349206349206,0.619047619047619,0.134920634920635,"150K-200K"
2439,0.911602209944751,0,0.0883977900552486,0,0,"< 100K"
4185,0.0602409638554217,0,0.891566265060241,0.0481927710843373,0,"100K-150K"
1799,0.117021276595745,0,0.686170212765957,0.180851063829787,0.0159574468085106,"100K-150K"
1422,0.767123287671233,0,0.232876712328767,0,0,"< 100K"
3390,0.584269662921348,0,0.359550561797753,0.0449438202247191,0.0112359550561798,"< 100K"
695,0,0.138888888888889,0.138888888888889,0.583333333333333,0.138888888888889,"150K-200K"
5736,0.223684210526316,0,0.75,0.0131578947368421,0.0131578947368421,"100K-150K"
4652,0.911602209944751,0,0.0883977900552486,0,0,"< 100K"
5114,0,0.0714285714285714,0,0.0714285714285714,0.857142857142857,"200K-300K"
5258,0.0344827586206897,0,0.206896551724138,0.724137931034483,0.0344827586206897,"150K-200K"
3459,0.911602209944751,0,0.0883977900552486,0,0,"< 100K"
2363,0.113207547169811,0,0.660377358490566,0.169811320754717,0.0566037735849057,"100K-150K"
1239,0,0,1,0,0,"100K-150K"
4797,0,0.645161290322581,0,0,0.354838709677419,"> 300K"
5395,0.202020202020202,0,0.626262626262626,0.131313131313131,0.0404040404040404,"100K-150K"
4977,0,0.319148936170213,0,0,0.680851063829787,"200K-300K"
3240,0.767123287671233,0,0.232876712328767,0,0,"< 100K"
5489,0,0.0591715976331361,0.029585798816568,0.207100591715976,0.70414201183432,"200K-300K"
2333,0,0.0869565217391304,0.0434782608695652,0.217391304347826,0.652173913043478,"200K-300K"
5535,0,0,0.166666666666667,0.5,0.333333333333333,"150K-200K"
2602,0.584269662921348,0,0.359550561797753,0.0449438202247191,0.0112359550561798,"< 100K"
2163,0.117021276595745,0,0.686170212765957,0.180851063829787,0.0159574468085106,"100K-150K"
135,0,0.916289592760181,0,0.0180995475113122,0.0656108597285068,"> 300K"
2775,0,0.916289592760181,0,0.0180995475113122,0.0656108597285068,"> 300K"
3061,0.0166666666666667,0,0.716666666666667,0.25,0.0166666666666667,"100K-150K"
3464,0,0.0714285714285714,0,0.0714285714285714,0.857142857142857,"200K-300K"
1915,0.117021276595745,0,0.686170212765957,0.180851063829787,0.0159574468085106,"100K-150K"
3445,0,0.181818181818182,0,0,0.818181818181818,"200K-300K"
4924,0,0.319148936170213,0,0,0.680851063829787,"200K-300K"
5628,0.0602409638554217,0,0.891566265060241,0.0481927710843373,0,"100K-150K"
1440,0,0.0591715976331361,0.029585798816568,0.207100591715976,0.70414201183432,"200K-300K"
547,0,0.722222222222222,0,0,0.277777777777778,"> 300K"
3808,0,0.916289592760181,0,0.0180995475113122,0.0656108597285068,"> 300K"
3491,0.911602209944751,0,0.0883977900552486,0,0,"< 100K"
3396,0.911602209944751,0,0.0883977900552486,0,0,"< 100K"
5975,0,0.916289592760181,0,0.0180995475113122,0.0656108597285068,"> 300K"
3287,0.0602409638554217,0,0.891566265060241,0.0481927710843373,0,"100K-150K"
3332,0,0.109375,0.03125,0.203125,0.65625,"200K-300K"
2924,0.0602409638554217,0,0.891566265060241,0.0481927710843373,0,"100K-150K"
4197,0,0,0.116279069767442,0.511627906976744,0.372093023255814,"150K-200K"
6066,0.911602209944751,0,0.0883977900552486,0,0,"< 100K"
4353,0,0.109375,0.03125,0.203125,0.65625,"200K-300K"
3851,0,0.916289592760181,0,0.0180995475113122,0.0656108597285068,"> 300K"
2330,0.911602209944751,0,0.0883977900552486,0,0,"< 100K"
4427,0,0.0666666666666667,0.0666666666666667,0.266666666666667,0.6,"200K-300K"
3409,0,0.05,0.0166666666666667,0.0666666666666667,0.866666666666667,"200K-300K"
4510,0.92,0,0.08,0,0,"< 100K"
4309,0,0,0.05,0.05,0.9,"200K-300K"
5517,0.911602209944751,0,0.0883977900552486,0,0,"< 100K"
1370,0.117021276595745,0,0.686170212765957,0.180851063829787,0.0159574468085106,"100K-150K"
1786,0,0.319148936170213,0,0,0.680851063829787,"200K-300K"
1206,0.350877192982456,0,0.526315789473684,0.0526315789473684,0.0701754385964912,"100K-150K"
4635,0.272727272727273,0,0.704545454545455,0.0227272727272727,0,"100K-150K"
2915,0,0.05,0.15,0.55,0.25,"150K-200K"
1383,0.75,0.125,0,0,0.125,"< 100K"
1616,0.911602209944751,0,0.0883977900552486,0,0,"< 100K"
2034,0.223684210526316,0,0.75,0.0131578947368421,0.0131578947368421,"100K-150K"
2122,0,0.896551724137931,0,0,0.103448275862069,"> 300K"
1763,0.584269662921348,0,0.359550561797753,0.0449438202247191,0.0112359550561798,"< 100K"
2137,0.117021276595745,0,0.686170212765957,0.180851063829787,0.0159574468085106,"100K-150K"
4851,0,0.916289592760181,0,0.0180995475113122,0.0656108597285068,"> 300K"
5194,0.911602209944751,0,0.0883977900552486,0,0,"< 100K"
4203,0,0,0,1,0,"150K-200K"
1233,0,0.916289592760181,0,0.0180995475113122,0.0656108597285068,"> 300K"
1611,0.558823529411765,0.147058823529412,0.235294117647059,0.0588235294117647,0,"< 100K"
1930,0,0.916289592760181,0,0.0180995475113122,0.0656108597285068,"> 300K"
3629,0,0,0,0.230769230769231,0.769230769230769,"200K-300K"
4835,0.24,0,0.44,0.24,0.08,"100K-150K"
3955,0.911602209944751,0,0.0883977900552486,0,0,"< 100K"
2787,0.113207547169811,0,0.660377358490566,0.169811320754717,0.0566037735849057,"100K-150K"
3266,0,0.0591715976331361,0.029585798816568,0.207100591715976,0.70414201183432,"200K-300K"
2200,0.148148148148148,0,0.148148148148148,0.481481481481481,0.222222222222222,"150K-200K"
5333,0.117021276595745,0,0.686170212765957,0.180851063829787,0.0159574468085106,"100K-150K"
4319,0.117021276595745,0,0.686170212765957,0.180851063829787,0.0159574468085106,"100K-150K"
2547,0.0602409638554217,0,0.891566265060241,0.0481927710843373,0,"100K-150K"
5553,0.0317460317460318,0.00793650793650794,0.206349206349206,0.619047619047619,0.134920634920635,"150K-200K"
4593,0.350877192982456,0,0.526315789473684,0.0526315789473684,0.0701754385964912,"100K-150K"
5335,0.0317460317460318,0.00793650793650794,0.206349206349206,0.619047619047619,0.134920634920635,"150K-200K"
3704,0.202020202020202,0,0.626262626262626,0.131313131313131,0.0404040404040404,"100K-150K"
5376,0.911602209944751,0,0.0883977900552486,0,0,"< 100K"
5854,0.586666666666667,0,0.4,0,0.0133333333333333,"< 100K"
1263,0,0.0591715976331361,0.029585798816568,0.207100591715976,0.70414201183432,"200K-300K"
1792,0,0,0.111111111111111,0.222222222222222,0.666666666666667,"200K-300K"
5679,0,0.722222222222222,0,0,0.277777777777778,"> 300K"
352,0.92,0,0.08,0,0,"< 100K"
2617,0.584269662921348,0,0.359550561797753,0.0449438202247191,0.0112359550561798,"< 100K"
5965,0,0.138888888888889,0.138888888888889,0.583333333333333,0.138888888888889,"150K-200K"
275,0,0.875,0,0,0.125,"> 300K"
3078,0.0602409638554217,0,0.891566265060241,0.0481927710843373,0,"100K-150K"
4338,0.202020202020202,0,0.626262626262626,0.131313131313131,0.0404040404040404,"100K-150K"
4112,0,0,0.588235294117647,0.352941176470588,0.0588235294117647,"100K-150K"
2315,0.0602409638554217,0,0.891566265060241,0.0481927710843373,0,"100K-150K"
3555,0,0,0.116279069767442,0.511627906976744,0.372093023255814,"150K-200K"
814,0.558823529411765,0.147058823529412,0.235294117647059,0.0588235294117647,0,"< 100K"
2526,0.0138888888888889,0,0.111111111111111,0.805555555555556,0.0694444444444445,"150K-200K"
1254,0,0.0909090909090909,0.0681818181818182,0.227272727272727,0.613636363636364,"200K-300K"
2905,0.0317460317460318,0.00793650793650794,0.206349206349206,0.619047619047619,0.134920634920635,"150K-200K"
3867,0.117021276595745,0,0.686170212765957,0.180851063829787,0.0159574468085106,"100K-150K"
3605,0,0.75,0,0,0.25,"> 300K"
3098,0.0454545454545455,0.0454545454545455,0.0909090909090909,0.636363636363636,0.181818181818182,"150K-200K"
1114,0,0,0.116279069767442,0.511627906976744,0.372093023255814,"150K-200K"
4628,0,0.05,0.0166666666666667,0.0666666666666667,0.866666666666667,"200K-300K"
4001,0.0317460317460318,0.00793650793650794,0.206349206349206,0.619047619047619,0.134920634920635,"150K-200K"
4056,0,0.916289592760181,0,0.0180995475113122,0.0656108597285068,"> 300K"
14,0,0.916289592760181,0,0.0180995475113122,0.0656108597285068,"> 300K"
959,0,0.916289592760181,0,0.0180995475113122,0.0656108597285068,"> 300K"
3522,0.202020202020202,0,0.626262626262626,0.131313131313131,0.0404040404040404,"100K-150K"
3091,0,0.113924050632911,0.0126582278481013,0.151898734177215,0.721518987341772,"200K-300K"
2089,0,0.916289592760181,0,0.0180995475113122,0.0656108597285068,"> 300K"
43,0.0317460317460318,0.00793650793650794,0.206349206349206,0.619047619047619,0.134920634920635,"150K-200K"
3397,0,0,0.75,0.25,0,"100K-150K"
4598,0,0,0.111111111111111,0.222222222222222,0.666666666666667,"200K-300K"
5999,0,0.0714285714285714,0,0.0714285714285714,0.857142857142857,"200K-300K"
119,0.202020202020202,0,0.626262626262626,0.131313131313131,0.0404040404040404,"100K-150K"
4498,0,0.875,0,0,0.125,"> 300K"
5227,0.584269662921348,0,0.359550561797753,0.0449438202247191,0.0112359550561798,"< 100K"
3782,0.113207547169811,0,0.660377358490566,0.169811320754717,0.0566037735849057,"100K-150K"
4439,0.202020202020202,0,0.626262626262626,0.131313131313131,0.0404040404040404,"100K-150K"
3026,0,0.0591715976331361,0.029585798816568,0.207100591715976,0.70414201183432,"200K-300K"
2354,0,0.0714285714285714,0,0.0714285714285714,0.857142857142857,"200K-300K"
5154,0,0,0.116279069767442,0.511627906976744,0.372093023255814,"150K-200K"
3497,0,0.138888888888889,0.138888888888889,0.583333333333333,0.138888888888889,"150K-200K"
11,0,0.0909090909090909,0.0681818181818182,0.227272727272727,0.613636363636364,"200K-300K"
2228,0.223684210526316,0,0.75,0.0131578947368421,0.0131578947368421,"100K-150K"
1850,0,0,0,0,1,"200K-300K"
4514,0.0317460317460318,0.00793650793650794,0.206349206349206,0.619047619047619,0.134920634920635,"150K-200K"
1683,0,0.0714285714285714,0,0.0714285714285714,0.857142857142857,"200K-300K"
1776,0,0.0666666666666667,0.0666666666666667,0.266666666666667,0.6,"200K-300K"
4921,0,0.916289592760181,0,0.0180995475113122,0.0656108597285068,"> 300K"
3510,0.24,0,0.44,0.24,0.08,"100K-150K"
2635,0,0,0.116279069767442,0.511627906976744,0.372093023255814,"150K-200K"
1626,0.1,0,0.6,0.2,0.1,"100K-150K"
2123,0.0602409638554217,0,0.891566265060241,0.0481927710843373,0,"100K-150K"
1783,0.0454545454545455,0.0454545454545455,0.0909090909090909,0.636363636363636,0.181818181818182,"150K-200K"
574,0.92,0,0.08,0,0,"< 100K"
2075,0,0.0909090909090909,0.0681818181818182,0.227272727272727,0.613636363636364,"200K-300K"
3327,0,0.0666666666666667,0.0666666666666667,0.266666666666667,0.6,"200K-300K"
4161,0.584269662921348,0,0.359550561797753,0.0449438202247191,0.0112359550561798,"< 100K"
3820,0.0138888888888889,0,0.111111111111111,0.805555555555556,0.0694444444444445,"150K-200K"
4170,0.117021276595745,0,0.686170212765957,0.180851063829787,0.0159574468085106,"100K-150K"
5795,0.350877192982456,0,0.526315789473684,0.0526315789473684,0.0701754385964912,"100K-150K"
2110,0.0238095238095238,0,0.119047619047619,0.714285714285714,0.142857142857143,"150K-200K"
3847,0,0,0.116279069767442,0.511627906976744,0.372093023255814,"150K-200K"
5182,0,0,0.05,0.05,0.9,"200K-300K"
1625,0,0,0.857142857142857,0.142857142857143,0,"100K-150K"
3172,0.8,0,0.2,0,0,"< 100K"
1593,0,0.916289592760181,0,0.0180995475113122,0.0656108597285068,"> 300K"
2528,0,0.05,0.15,0.55,0.25,"150K-200K"
434,0,0.0591715976331361,0.029585798816568,0.207100591715976,0.70414201183432,"200K-300K"
124,0,0.05,0.0166666666666667,0.0666666666666667,0.866666666666667,"200K-300K"
4129,0,0.0591715976331361,0.029585798816568,0.207100591715976,0.70414201183432,"200K-300K"
3928,0,0,0.116279069767442,0.511627906976744,0.372093023255814,"150K-200K"
5409,0.558823529411765,0.147058823529412,0.235294117647059,0.0588235294117647,0,"< 100K"
3146,0.75,0.125,0,0,0.125,"< 100K"
1227,0,0.109375,0.03125,0.203125,0.65625,"200K-300K"
5506,0.0602409638554217,0,0.891566265060241,0.0481927710843373,0,"100K-150K"
1508,0.584269662921348,0,0.359550561797753,0.0449438202247191,0.0112359550561798,"< 100K"
3995,0,0,0.857142857142857,0.142857142857143,0,"100K-150K"
5638,0.586666666666667,0,0.4,0,0.0133333333333333,"< 100K"
2963,0.0602409638554217,0,0.891566265060241,0.0481927710843373,0,"100K-150K"
2481,0,0.0909090909090909,0.0681818181818182,0.227272727272727,0.613636363636364,"200K-300K"
321,0.75,0.125,0,0,0.125,"< 100K"
994,0.294117647058824,0,0.705882352941176,0,0,"100K-150K"
472,0,0.645161290322581,0,0,0.354838709677419,"> 300K"
1943,0.0138888888888889,0,0.111111111111111,0.805555555555556,0.0694444444444445,"150K-200K"
4259,0,0.916289592760181,0,0.0180995475113122,0.0656108597285068,"> 300K"
5090,0,0.896551724137931,0,0,0.103448275862069,"> 300K"
1264,0.0602409638554217,0,0.891566265060241,0.0481927710843373,0,"100K-150K"
407,0,0.642857142857143,0,0.142857142857143,0.214285714285714,"> 300K"
5238,0.911602209944751,0,0.0883977900552486,0,0,"< 100K"
1897,0,0,0,0.230769230769231,0.769230769230769,"200K-300K"
2845,0.113207547169811,0,0.660377358490566,0.169811320754717,0.0566037735849057,"100K-150K"
5521,0,0.0869565217391304,0.0434782608695652,0.217391304347826,0.652173913043478,"200K-300K"
2484,0,0.0591715976331361,0.029585798816568,0.207100591715976,0.70414201183432,"200K-300K"
4659,0.586666666666667,0,0.4,0,0.0133333333333333,"< 100K"
3379,0.558823529411765,0.147058823529412,0.235294117647059,0.0588235294117647,0,"< 100K"
4875,0.767123287671233,0,0.232876712328767,0,0,"< 100K"
3346,0.0317460317460318,0.00793650793650794,0.206349206349206,0.619047619047619,0.134920634920635,"150K-200K"
764,0,0,0.05,0.05,0.9,"200K-300K"
1056,0.586666666666667,0,0.4,0,0.0133333333333333,"< 100K"
2093,0.0454545454545455,0.0454545454545455,0.0909090909090909,0.636363636363636,0.181818181818182,"150K-200K"
1297,0,0.05,0.0166666666666667,0.0666666666666667,0.866666666666667,"200K-300K"
651,0.130434782608696,0.521739130434783,0.130434782608696,0.0869565217391304,0.130434782608696,"> 300K"
864,0.117021276595745,0,0.686170212765957,0.180851063829787,0.0159574468085106,"100K-150K"
2904,0.0138888888888889,0,0.111111111111111,0.805555555555556,0.0694444444444445,"150K-200K"
4193,0,0.0909090909090909,0,0.181818181818182,0.727272727272727,"200K-300K"
5595,0,0,0.125,0,0.875,"200K-300K"
1569,0.117021276595745,0,0.686170212765957,0.180851063829787,0.0159574468085106,"100K-150K"
1245,0.92,0,0.08,0,0,"< 100K"
2604,0,0,1,0,0,"100K-150K"
1547,0,0.319148936170213,0,0,0.680851063829787,"200K-300K"
1461,0.584269662921348,0,0.359550561797753,0.0449438202247191,0.0112359550561798,"< 100K"
1097,0,0.916289592760181,0,0.0180995475113122,0.0656108597285068,"> 300K"
3574,0.92,0,0.08,0,0,"< 100K"
5429,0,0.05,0.0166666666666667,0.0666666666666667,0.866666666666667,"200K-300K"
4714,0.117021276595745,0,0.686170212765957,0.180851063829787,0.0159574468085106,"100K-150K"
2290,0.911602209944751,0,0.0883977900552486,0,0,"< 100K"
4220,0.911602209944751,0,0.0883977900552486,0,0,"< 100K"
4645,0,0.875,0,0,0.125,"> 300K"
2294,0.911602209944751,0,0.0883977900552486,0,0,"< 100K"
1997,0,0.319148936170213,0,0,0.680851063829787,"200K-300K"
850,0.0317460317460318,0.00793650793650794,0.206349206349206,0.619047619047619,0.134920634920635,"150K-200K"
5170,0.223684210526316,0,0.75,0.0131578947368421,0.0131578947368421,"100K-150K"
1053,0.0317460317460318,0.00793650793650794,0.206349206349206,0.619047619047619,0.134920634920635,"150K-200K"
298,0,0,1,0,0,"100K-150K"
1523,0,0,0.111111111111111,0.222222222222222,0.666666666666667,"200K-300K"
1296,0,0,0,1,0,"150K-200K"
96,0.558823529411765,0.147058823529412,0.235294117647059,0.0588235294117647,0,"< 100K"
2772,0,0.319148936170213,0,0,0.680851063829787,"200K-300K"
1574,0,0.916289592760181,0,0.0180995475113122,0.0656108597285068,"> 300K"
252,0.875,0,0.125,0,0,"< 100K"
5820,0,0.05,0.15,0.55,0.25,"150K-200K"
5326,0.0602409638554217,0,0.891566265060241,0.0481927710843373,0,"100K-150K"
4048,0.148148148148148,0,0.148148148148148,0.481481481481481,0.222222222222222,"150K-200K"
3662,0,0.916289592760181,0,0.0180995475113122,0.0656108597285068,"> 300K"
670,0,0.113924050632911,0.0126582278481013,0.151898734177215,0.721518987341772,"200K-300K"
5851,0.117021276595745,0,0.686170212765957,0.180851063829787,0.0159574468085106,"100K-150K"
1780,0,0.0909090909090909,0.0681818181818182,0.227272727272727,0.613636363636364,"200K-300K"
1641,0,0,0,0,1,"200K-300K"
5520,0.586666666666667,0,0.4,0,0.0133333333333333,"< 100K"
1145,0.0602409638554217,0,0.891566265060241,0.0481927710843373,0,"100K-150K"
418,0,0.875,0,0,0.125,"> 300K"
3322,0,0,0.116279069767442,0.511627906976744,0.372093023255814,"150K-200K"
6104,0.767123287671233,0,0.232876712328767,0,0,"< 100K"
5116,0,0.0591715976331361,0.029585798816568,0.207100591715976,0.70414201183432,"200K-300K"
4620,0,0.138888888888889,0.138888888888889,0.583333333333333,0.138888888888889,"150K-200K"
1531,0.584269662921348,0,0.359550561797753,0.0449438202247191,0.0112359550561798,"< 100K"
1892,0.223684210526316,0,0.75,0.0131578947368421,0.0131578947368421,"100K-150K"
683,0.294117647058824,0,0.705882352941176,0,0,"100K-150K"
5255,0,0.916289592760181,0,0.0180995475113122,0.0656108597285068,"> 300K"
1023,0.92,0,0.08,0,0,"< 100K"
4657,0.0138888888888889,0,0.111111111111111,0.805555555555556,0.0694444444444445,"150K-200K"
3239,0,0.916289592760181,0,0.0180995475113122,0.0656108597285068,"> 300K"
419,0.0602409638554217,0,0.891566265060241,0.0481927710843373,0,"100K-150K"
432,0,0.0909090909090909,0.0681818181818182,0.227272727272727,0.613636363636364,"200K-300K"
1667,0.0238095238095238,0,0.119047619047619,0.714285714285714,0.142857142857143,"150K-200K"
2858,0.584269662921348,0,0.359550561797753,0.0449438202247191,0.0112359550561798,"< 100K"
3389,0.117021276595745,0,0.686170212765957,0.180851063829787,0.0159574468085106,"100K-150K"
4994,0,0.266666666666667,0,0.0666666666666667,0.666666666666667,"200K-300K"
2826,0,0,0.116279069767442,0.511627906976744,0.372093023255814,"150K-200K"
3942,0.117021276595745,0,0.686170212765957,0.180851063829787,0.0159574468085106,"100K-150K"
4059,0,0.0591715976331361,0.029585798816568,0.207100591715976,0.70414201183432,"200K-300K"
3968,0,0.0591715976331361,0.029585798816568,0.207100591715976,0.70414201183432,"200K-300K"
578,0.0602409638554217,0,0.891566265060241,0.0481927710843373,0,"100K-150K"
1136,0,0.0909090909090909,0.0681818181818182,0.227272727272727,0.613636363636364,"200K-300K"
1258,0,0.875,0,0,0.125,"> 300K"
5742,0,0.916289592760181,0,0.0180995475113122,0.0656108597285068,"> 300K"
3738,0.911602209944751,0,0.0883977900552486,0,0,"< 100K"
4040,0,0.109375,0.03125,0.203125,0.65625,"200K-300K"
94,0.0317460317460318,0.00793650793650794,0.206349206349206,0.619047619047619,0.134920634920635,"150K-200K"
985,0.0602409638554217,0,0.891566265060241,0.0481927710843373,0,"100K-150K"
5864,0,0.0591715976331361,0.029585798816568,0.207100591715976,0.70414201183432,"200K-300K"
3848,0,1,0,0,0,"> 300K"
314,0,0.916289592760181,0,0.0180995475113122,0.0656108597285068,"> 300K"
2214,0.911602209944751,0,0.0883977900552486,0,0,"< 100K"
3687,0,0.916289592760181,0,0.0180995475113122,0.0656108597285068,"> 300K"
3420,0.586666666666667,0,0.4,0,0.0133333333333333,"< 100K"
2402,0,0.642857142857143,0,0.142857142857143,0.214285714285714,"> 300K"
288,0.223684210526316,0,0.75,0.0131578947368421,0.0131578947368421,"100K-150K"
5725,0,0.109375,0.03125,0.203125,0.65625,"200K-300K"
2719,0,0.916289592760181,0,0.0180995475113122,0.0656108597285068,"> 300K"
4828,0.117021276595745,0,0.686170212765957,0.180851063829787,0.0159574468085106,"100K-150K"
3075,0,0.916289592760181,0,0.0180995475113122,0.0656108597285068,"> 300K"
2077,0.911602209944751,0,0.0883977900552486,0,0,"< 100K"
5960,0.584269662921348,0,0.359550561797753,0.0449438202247191,0.0112359550561798,"< 100K"
1712,0,0.916289592760181,0,0.0180995475113122,0.0656108597285068,"> 300K"
2455,0.350877192982456,0,0.526315789473684,0.0526315789473684,0.0701754385964912,"100K-150K"
4424,0.0138888888888889,0,0.111111111111111,0.805555555555556,0.0694444444444445,"150K-200K"
3881,0,0.109375,0.03125,0.203125,0.65625,"200K-300K"
1490,0,0.916289592760181,0,0.0180995475113122,0.0656108597285068,"> 300K"
2404,0.0317460317460318,0.00793650793650794,0.206349206349206,0.619047619047619,0.134920634920635,"150K-200K"
3754,0,0,0,0,1,"200K-300K"
2369,0.911602209944751,0,0.0883977900552486,0,0,"< 100K"
1310,0.92,0,0.08,0,0,"< 100K"
1628,0,0.0591715976331361,0.029585798816568,0.207100591715976,0.70414201183432,"200K-300K"
1924,0,0.138888888888889,0.138888888888889,0.583333333333333,0.138888888888889,"150K-200K"
4416,0,0,0.875,0,0.125,"100K-150K"
3188,0,0.0591715976331361,0.029585798816568,0.207100591715976,0.70414201183432,"200K-300K"
2498,0,0.769230769230769,0,0,0.230769230769231,"> 300K"
2083,0.0344827586206897,0,0.206896551724138,0.724137931034483,0.0344827586206897,"150K-200K"
1089,0,0,0,0.230769230769231,0.769230769230769,"200K-300K"
6084,0.767123287671233,0,0.232876712328767,0,0,"< 100K"
1375,0.0317460317460318,0.00793650793650794,0.206349206349206,0.619047619047619,0.134920634920635,"150K-200K"
1713,0.117021276595745,0,0.686170212765957,0.180851063829787,0.0159574468085106,"100K-150K"
2875,0,0,0.75,0.25,0,"100K-150K"
5419,0,0.916289592760181,0,0.0180995475113122,0.0656108597285068,"> 300K"
1336,0,0.916289592760181,0,0.0180995475113122,0.0656108597285068,"> 300K"
2944,0,0.138888888888889,0.138888888888889,0.583333333333333,0.138888888888889,"150K-200K"
4917,0,0.916289592760181,0,0.0180995475113122,0.0656108597285068,"> 300K"
2869,0.0602409638554217,0,0.891566265060241,0.0481927710843373,0,"100K-150K"
2072,0.558823529411765,0.147058823529412,0.235294117647059,0.0588235294117647,0,"< 100K"
1030,0,0.319148936170213,0,0,0.680851063829787,"200K-300K"
4906,0.117021276595745,0,0.686170212765957,0.180851063829787,0.0159574468085106,"100K-150K"
1757,0,0,0.111111111111111,0.222222222222222,0.666666666666667,"200K-300K"
3835,0,0.916289592760181,0,0.0180995475113122,0.0656108597285068,"> 300K"
5440,0.117021276595745,0,0.686170212765957,0.180851063829787,0.0159574468085106,"100K-150K"
3924,0,0.875,0,0,0.125,"> 300K"
4384,0,0.875,0,0,0.125,"> 300K"
236,0,0,0.116279069767442,0.511627906976744,0.372093023255814,"150K-200K"
5573,0,0.875,0,0,0.125,"> 300K"
3818,0,0.319148936170213,0,0,0.680851063829787,"200K-300K"
2919,0.767123287671233,0,0.232876712328767,0,0,"< 100K"
4700,0.0317460317460318,0.00793650793650794,0.206349206349206,0.619047619047619,0.134920634920635,"150K-200K"
2406,0,0.05,0.0166666666666667,0.0666666666666667,0.866666666666667,"200K-300K"
3664,0.223684210526316,0,0.75,0.0131578947368421,0.0131578947368421,"100K-150K"
611,0.1,0,0.6,0.2,0.1,"100K-150K"
88,0,0.875,0,0,0.125,"> 300K"
2803,0,0.916289592760181,0,0.0180995475113122,0.0656108597285068,"> 300K"
609,0,0.0833333333333333,0,0.833333333333333,0.0833333333333333,"150K-200K"
649,0.1,0,0.6,0.2,0.1,"100K-150K"
3166,0.92,0,0.08,0,0,"< 100K"
991,0,0.916289592760181,0,0.0180995475113122,0.0656108597285068,"> 300K"
4953,0,0.916289592760181,0,0.0180995475113122,0.0656108597285068,"> 300K"
3845,0,0.113924050632911,0.0126582278481013,0.151898734177215,0.721518987341772,"200K-300K"
977,0.0602409638554217,0,0.891566265060241,0.0481927710843373,0,"100K-150K"
4392,0,0.916289592760181,0,0.0180995475113122,0.0656108597285068,"> 300K"
4204,0.911602209944751,0,0.0883977900552486,0,0,"< 100K"
5310,0,0,0.116279069767442,0.511627906976744,0.372093023255814,"150K-200K"
5646,0.117021276595745,0,0.686170212765957,0.180851063829787,0.0159574468085106,"100K-150K"
5856,0.911602209944751,0,0.0883977900552486,0,0,"< 100K"
2480,0.117021276595745,0,0.686170212765957,0.180851063829787,0.0159574468085106,"100K-150K"
4158,0,0.916289592760181,0,0.0180995475113122,0.0656108597285068,"> 300K"
2256,0.350877192982456,0,0.526315789473684,0.0526315789473684,0.0701754385964912,"100K-150K"
1043,0,0,0.222222222222222,0.666666666666667,0.111111111111111,"150K-200K"
6072,0,0.916289592760181,0,0.0180995475113122,0.0656108597285068,"> 300K"
403,0,0.916289592760181,0,0.0180995475113122,0.0656108597285068,"> 300K"
4296,0.148148148148148,0,0.148148148148148,0.481481481481481,0.222222222222222,"150K-200K"
5982,0,0.916289592760181,0,0.0180995475113122,0.0656108597285068,"> 300K"
4186,0,0.916289592760181,0,0.0180995475113122,0.0656108597285068,"> 300K"
5726,0.202020202020202,0,0.626262626262626,0.131313131313131,0.0404040404040404,"100K-150K"
3773,0.0344827586206897,0,0.206896551724138,0.724137931034483,0.0344827586206897,"150K-200K"
3796,0.0238095238095238,0,0.119047619047619,0.714285714285714,0.142857142857143,"150K-200K"
5912,0.767123287671233,0,0.232876712328767,0,0,"< 100K"
253,0,0.319148936170213,0,0,0.680851063829787,"200K-300K"
555,0,0.05,0.0166666666666667,0.0666666666666667,0.866666666666667,"200K-300K"
5530,0,0.0591715976331361,0.029585798816568,0.207100591715976,0.70414201183432,"200K-300K"
5563,0.223684210526316,0,0.75,0.0131578947368421,0.0131578947368421,"100K-150K"
4668,0.2,0,0,0.8,0,"150K-200K"
5180,0,0.875,0,0,0.125,"> 300K"
4776,0,0.05,0.0166666666666667,0.0666666666666667,0.866666666666667,"200K-300K"
3706,0.911602209944751,0,0.0883977900552486,0,0,"< 100K"
5734,0,0,0,0.230769230769231,0.769230769230769,"200K-300K"
2213,0.223684210526316,0,0.75,0.0131578947368421,0.0131578947368421,"100K-150K"
1624,0.0138888888888889,0,0.111111111111111,0.805555555555556,0.0694444444444445,"150K-200K"
513,0.0166666666666667,0,0.716666666666667,0.25,0.0166666666666667,"100K-150K"
5105,0.223684210526316,0,0.75,0.0131578947368421,0.0131578947368421,"100K-150K"
4586,0.0317460317460318,0.00793650793650794,0.206349206349206,0.619047619047619,0.134920634920635,"150K-200K"
545,0.584269662921348,0,0.359550561797753,0.0449438202247191,0.0112359550561798,"< 100K"
3086,0,0.113924050632911,0.0126582278481013,0.151898734177215,0.721518987341772,"200K-300K"
5574,0,0,0.75,0.25,0,"100K-150K"
1213,0.223684210526316,0,0.75,0.0131578947368421,0.0131578947368421,"100K-150K"
4147,0.584269662921348,0,0.359550561797753,0.0449438202247191,0.0112359550561798,"< 100K"
3072,0,0.0591715976331361,0.029585798816568,0.207100591715976,0.70414201183432,"200K-300K"
3405,0,0,0.588235294117647,0.352941176470588,0.0588235294117647,"100K-150K"
3764,0,0.109375,0.03125,0.203125,0.65625,"200K-300K"
4287,0.117021276595745,0,0.686170212765957,0.180851063829787,0.0159574468085106,"100K-150K"
1400,0,0.875,0,0,0.125,"> 300K"
3865,0,0,0.116279069767442,0.511627906976744,0.372093023255814,"150K-200K"
2560,0,0,0.116279069767442,0.511627906976744,0.372093023255814,"150K-200K"
2468,0,0.916289592760181,0,0.0180995475113122,0.0656108597285068,"> 300K"
2573,0.0317460317460318,0.00793650793650794,0.206349206349206,0.619047619047619,0.134920634920635,"150K-200K"
1736,0,0.319148936170213,0,0,0.680851063829787,"200K-300K"
4911,0.0138888888888889,0,0.111111111111111,0.805555555555556,0.0694444444444445,"150K-200K"
422,0,0,0.875,0,0.125,"100K-150K"
64,0,0.138888888888889,0.138888888888889,0.583333333333333,0.138888888888889,"150K-200K"
5272,0,0.916289592760181,0,0.0180995475113122,0.0656108597285068,"> 300K"
525,0.223684210526316,0,0.75,0.0131578947368421,0.0131578947368421,"100K-150K"
4358,0.117021276595745,0,0.686170212765957,0.180851063829787,0.0159574468085106,"100K-150K"
5911,0.148148148148148,0,0.148148148148148,0.481481481481481,0.222222222222222,"150K-200K"
1803,0,0.916289592760181,0,0.0180995475113122,0.0656108597285068,"> 300K"
1365,0.113207547169811,0,0.660377358490566,0.169811320754717,0.0566037735849057,"100K-150K"
5132,0.0602409638554217,0,0.891566265060241,0.0481927710843373,0,"100K-150K"
3778,0.153846153846154,0.0769230769230769,0.0769230769230769,0.615384615384615,0.0769230769230769,"150K-200K"
3813,0,0.05,0.0166666666666667,0.0666666666666667,0.866666666666667,"200K-300K"
3235,0,0.722222222222222,0,0,0.277777777777778,"> 300K"
5805,0,0.0591715976331361,0.029585798816568,0.207100591715976,0.70414201183432,"200K-300K"
3430,0,0.833333333333333,0.166666666666667,0,0,"> 300K"
3375,0.911602209944751,0,0.0883977900552486,0,0,"< 100K"
3021,0.0138888888888889,0,0.111111111111111,0.805555555555556,0.0694444444444445,"150K-200K"
4434,0.0317460317460318,0.00793650793650794,0.206349206349206,0.619047619047619,0.134920634920635,"150K-200K"
556,0,0.875,0,0,0.125,"> 300K"
870,0,0,0.05,0.05,0.9,"200K-300K"
1186,0,0.319148936170213,0,0,0.680851063829787,"200K-300K"
344,0.0344827586206897,0,0.206896551724138,0.724137931034483,0.0344827586206897,"150K-200K"
5753,0.113207547169811,0,0.660377358490566,0.169811320754717,0.0566037735849057,"100K-150K"
3946,0,0,0.116279069767442,0.511627906976744,0.372093023255814,"150K-200K"
2723,0.0454545454545455,0.0454545454545455,0.0909090909090909,0.636363636363636,0.181818181818182,"150K-200K"
5035,0,0.319148936170213,0,0,0.680851063829787,"200K-300K"
5598,0.791666666666667,0,0.125,0.0833333333333333,0,"< 100K"
3898,0.202020202020202,0,0.626262626262626,0.131313131313131,0.0404040404040404,"100K-150K"
5396,0,0.833333333333333,0.166666666666667,0,0,"> 300K"
1861,0,0.05,0.0166666666666667,0.0666666666666667,0.866666666666667,"200K-300K"
894,0.558823529411765,0.147058823529412,0.235294117647059,0.0588235294117647,0,"< 100K"
2485,0,0.75,0,0,0.25,"> 300K"
5480,0,0,1,0,0,"100K-150K"
5837,0,0.916289592760181,0,0.0180995475113122,0.0656108597285068,"> 300K"
5062,0,0,0.116279069767442,0.511627906976744,0.372093023255814,"150K-200K"
5094,0,0.0591715976331361,0.029585798816568,0.207100591715976,0.70414201183432,"200K-300K"
4363,0.0138888888888889,0,0.111111111111111,0.805555555555556,0.0694444444444445,"150K-200K"
6038,0.0602409638554217,0,0.891566265060241,0.0481927710843373,0,"100K-150K"
266,0,0.916289592760181,0,0.0180995475113122,0.0656108597285068,"> 300K"
1054,0.148148148148148,0,0.148148148148148,0.481481481481481,0.222222222222222,"150K-200K"
5756,0.0344827586206897,0,0.206896551724138,0.724137931034483,0.0344827586206897,"150K-200K"
3953,0.0317460317460318,0.00793650793650794,0.206349206349206,0.619047619047619,0.134920634920635,"150K-200K"
5456,0.0138888888888889,0,0.111111111111111,0.805555555555556,0.0694444444444445,"150K-200K"
2421,0.558823529411765,0.147058823529412,0.235294117647059,0.0588235294117647,0,"< 100K"
3702,0,0.875,0,0,0.125,"> 300K"
2934,0,0.722222222222222,0,0,0.277777777777778,"> 300K"
2654,0,0.916289592760181,0,0.0180995475113122,0.0656108597285068,"> 300K"
3755,0,0.645161290322581,0,0,0.354838709677419,"> 300K"
3074,0.911602209944751,0,0.0883977900552486,0,0,"< 100K"
5804,0.0602409638554217,0,0.891566265060241,0.0481927710843373,0,"100K-150K"
5644,0,0.916289592760181,0,0.0180995475113122,0.0656108597285068,"> 300K"
162,0.875,0,0.125,0,0,"< 100K"
1940,0,0,0.833333333333333,0.166666666666667,0,"100K-150K"
214,0,0.109375,0.03125,0.203125,0.65625,"200K-300K"
4930,0,0.05,0.0166666666666667,0.0666666666666667,0.866666666666667,"200K-300K"
2395,0.0317460317460318,0.00793650793650794,0.206349206349206,0.619047619047619,0.134920634920635,"150K-200K"
4235,0,0.896551724137931,0,0,0.103448275862069,"> 300K"
2068,0.117021276595745,0,0.686170212765957,0.180851063829787,0.0159574468085106,"100K-150K"
2268,0,0.0909090909090909,0.0681818181818182,0.227272727272727,0.613636363636364,"200K-300K"
2695,0.0602409638554217,0,0.891566265060241,0.0481927710843373,0,"100K-150K"
1671,0.0238095238095238,0,0.119047619047619,0.714285714285714,0.142857142857143,"150K-200K"
3295,0,0.0591715976331361,0.029585798816568,0.207100591715976,0.70414201183432,"200K-300K"
2988,0.584269662921348,0,0.359550561797753,0.0449438202247191,0.0112359550561798,"< 100K"
1183,0,0.0714285714285714,0,0.0714285714285714,0.857142857142857,"200K-300K"
2779,0,0.109375,0.03125,0.203125,0.65625,"200K-300K"
127,0,0,0.0476190476190476,0.761904761904762,0.190476190476191,"150K-200K"
3956,0,0.916289592760181,0,0.0180995475113122,0.0656108597285068,"> 300K"
809,0,0.642857142857143,0,0.142857142857143,0.214285714285714,"> 300K"
4091,0.148148148148148,0,0.148148148148148,0.481481481481481,0.222222222222222,"150K-200K"
4847,0,0,1,0,0,"100K-150K"
935,0,0.916289592760181,0,0.0180995475113122,0.0656108597285068,"> 300K"
5618,0,0.916289592760181,0,0.0180995475113122,0.0656108597285068,"> 300K"
1466,0,0.916289592760181,0,0.0180995475113122,0.0656108597285068,"> 300K"
5826,0,0,0.05,0.05,0.9,"200K-300K"
859,0.558823529411765,0.147058823529412,0.235294117647059,0.0588235294117647,0,"< 100K"
3226,0.75,0.125,0,0,0.125,"< 100K"
632,0,0,1,0,0,"100K-150K"
3786,0,0.0591715976331361,0.029585798816568,0.207100591715976,0.70414201183432,"200K-300K"
1415,0.586666666666667,0,0.4,0,0.0133333333333333,"< 100K"
1300,0.272727272727273,0,0.704545454545455,0.0227272727272727,0,"100K-150K"
4535,0.0602409638554217,0,0.891566265060241,0.0481927710843373,0,"100K-150K"
640,0.223684210526316,0,0.75,0.0131578947368421,0.0131578947368421,"100K-150K"
4465,0,0.916289592760181,0,0.0180995475113122,0.0656108597285068,"> 300K"
3794,0,0.916289592760181,0,0.0180995475113122,0.0656108597285068,"> 300K"
6033,0.586666666666667,0,0.4,0,0.0133333333333333,"< 100K"
3655,0.0602409638554217,0,0.891566265060241,0.0481927710843373,0,"100K-150K"
2649,0,0.875,0,0,0.125,"> 300K"
4078,0,0.916289592760181,0,0.0180995475113122,0.0656108597285068,"> 300K"
1891,0.767123287671233,0,0.232876712328767,0,0,"< 100K"
57,0,0.113924050632911,0.0126582278481013,0.151898734177215,0.721518987341772,"200K-300K"
6064,0.911602209944751,0,0.0883977900552486,0,0,"< 100K"
2010,0,0.0833333333333333,0,0.833333333333333,0.0833333333333333,"150K-200K"
4625,0,0,0,1,0,"150K-200K"
869,0,0.642857142857143,0,0.142857142857143,0.214285714285714,"> 300K"
1326,0,0.113924050632911,0.0126582278481013,0.151898734177215,0.721518987341772,"200K-300K"
2409,0.0317460317460318,0.00793650793650794,0.206349206349206,0.619047619047619,0.134920634920635,"150K-200K"
4631,0.117021276595745,0,0.686170212765957,0.180851063829787,0.0159574468085106,"100K-150K"
3831,0.586666666666667,0,0.4,0,0.0133333333333333,"< 100K"
5042,0.586666666666667,0,0.4,0,0.0133333333333333,"< 100K"
3771,0,0,0.222222222222222,0.666666666666667,0.111111111111111,"150K-200K"
692,0,0.916289592760181,0,0.0180995475113122,0.0656108597285068,"> 300K"
2491,0,0,0.181818181818182,0.772727272727273,0.0454545454545455,"150K-200K"
2318,0,0.916289592760181,0,0.0180995475113122,0.0656108597285068,"> 300K"
2722,0,0,0,0,1,"200K-300K"
660,0,0.0714285714285714,0,0.0714285714285714,0.857142857142857,"200K-300K"
5038,0.0602409638554217,0,0.891566265060241,0.0481927710843373,0,"100K-150K"
3273,0.0344827586206897,0,0.206896551724138,0.724137931034483,0.0344827586206897,"150K-200K"
3815,0.1,0,0.6,0.2,0.1,"100K-150K"
33,0,0.916289592760181,0,0.0180995475113122,0.0656108597285068,"> 300K"
1872,0.0166666666666667,0,0.716666666666667,0.25,0.0166666666666667,"100K-150K"
3483,0,0,0.111111111111111,0.222222222222222,0.666666666666667,"200K-300K"
984,0,0.113924050632911,0.0126582278481013,0.151898734177215,0.721518987341772,"200K-300K"
98,0.0317460317460318,0.00793650793650794,0.206349206349206,0.619047619047619,0.134920634920635,"150K-200K"
202,0,0.916289592760181,0,0.0180995475113122,0.0656108597285068,"> 300K"
1630,0,0.916289592760181,0,0.0180995475113122,0.0656108597285068,"> 300K"
4125,0.767123287671233,0,0.232876712328767,0,0,"< 100K"
3254,0.767123287671233,0,0.232876712328767,0,0,"< 100K"
5755,0.130434782608696,0.521739130434783,0.130434782608696,0.0869565217391304,0.130434782608696,"> 300K"
446,0,0.916289592760181,0,0.0180995475113122,0.0656108597285068,"> 300K"
166,0.92,0,0.08,0,0,"< 100K"
4858,0.767123287671233,0,0.232876712328767,0,0,"< 100K"
5345,0.0138888888888889,0,0.111111111111111,0.805555555555556,0.0694444444444445,"150K-200K"
1827,0.584269662921348,0,0.359550561797753,0.0449438202247191,0.0112359550561798,"< 100K"
4050,0,0,0,0.230769230769231,0.769230769230769,"200K-300K"
467,0.272727272727273,0,0.704545454545455,0.0227272727272727,0,"100K-150K"
1996,0,0.0909090909090909,0.0681818181818182,0.227272727272727,0.613636363636364,"200K-300K"
4075,0.0317460317460318,0.00793650793650794,0.206349206349206,0.619047619047619,0.134920634920635,"150K-200K"
4211,0.0138888888888889,0,0.111111111111111,0.805555555555556,0.0694444444444445,"150K-200K"
5848,0.0166666666666667,0,0.716666666666667,0.25,0.0166666666666667,"100K-150K"
3530,0,0.0591715976331361,0.029585798816568,0.207100591715976,0.70414201183432,"200K-300K"
4192,0,0.916289592760181,0,0.0180995475113122,0.0656108597285068,"> 300K"
885,0.117021276595745,0,0.686170212765957,0.180851063829787,0.0159574468085106,"100K-150K"
2103,0,0.916289592760181,0,0.0180995475113122,0.0656108597285068,"> 300K"
2511,0,0.0591715976331361,0.029585798816568,0.207100591715976,0.70414201183432,"200K-300K"
5901,0.148148148148148,0,0.148148148148148,0.481481481481481,0.222222222222222,"150K-200K"
2727,0.350877192982456,0,0.526315789473684,0.0526315789473684,0.0701754385964912,"100K-150K"
4401,0.0238095238095238,0,0.119047619047619,0.714285714285714,0.142857142857143,"150K-200K"
1187,0,0.0714285714285714,0,0.0714285714285714,0.857142857142857,"200K-300K"
506,0.272727272727273,0,0.704545454545455,0.0227272727272727,0,"100K-150K"
390,0,0.0591715976331361,0.029585798816568,0.207100591715976,0.70414201183432,"200K-300K"
3938,0,0.875,0,0,0.125,"> 300K"
2906,0,0.75,0,0,0.25,"> 300K"
4210,0.584269662921348,0,0.359550561797753,0.0449438202247191,0.0112359550561798,"< 100K"
5437,0,0,0.857142857142857,0.142857142857143,0,"100K-150K"
3573,0,0.109375,0.03125,0.203125,0.65625,"200K-300K"
2360,0,0.113924050632911,0.0126582278481013,0.151898734177215,0.721518987341772,"200K-300K"
3306,0.153846153846154,0.0769230769230769,0.0769230769230769,0.615384615384615,0.0769230769230769,"150K-200K"
3199,0,0.109375,0.03125,0.203125,0.65625,"200K-300K"
2379,0,0.0591715976331361,0.029585798816568,0.207100591715976,0.70414201183432,"200K-300K"
5730,0,0,0.75,0.25,0,"100K-150K"
808,0,0.0714285714285714,0,0.0714285714285714,0.857142857142857,"200K-300K"
3762,0.117021276595745,0,0.686170212765957,0.180851063829787,0.0159574468085106,"100K-150K"
349,0.0138888888888889,0,0.111111111111111,0.805555555555556,0.0694444444444445,"150K-200K"
6091,0,0.916289592760181,0,0.0180995475113122,0.0656108597285068,"> 300K"
1126,0,0.769230769230769,0,0,0.230769230769231,"> 300K"
3810,0.586666666666667,0,0.4,0,0.0133333333333333,"< 100K"
3132,0,0,0.116279069767442,0.511627906976744,0.372093023255814,"150K-200K"
3608,0,0.875,0,0,0.125,"> 300K"
3834,0,0,1,0,0,"100K-150K"
2249,0,0.916289592760181,0,0.0180995475113122,0.0656108597285068,"> 300K"
4454,0,0,0,0,1,"200K-300K"
2073,0,0.109375,0.03125,0.203125,0.65625,"200K-300K"
2187,0.911602209944751,0,0.0883977900552486,0,0,"< 100K"
3469,0.0317460317460318,0.00793650793650794,0.206349206349206,0.619047619047619,0.134920634920635,"150K-200K"
1486,0.767123287671233,0,0.232876712328767,0,0,"< 100K"
4115,0,0,0.875,0,0.125,"100K-150K"
2472,0.0602409638554217,0,0.891566265060241,0.0481927710843373,0,"100K-150K"
3044,0,1,0,0,0,"> 300K"
3635,0.911602209944751,0,0.0883977900552486,0,0,"< 100K"
1283,0,0.916289592760181,0,0.0180995475113122,0.0656108597285068,"> 300K"
2440,0,0,0.75,0.25,0,"100K-150K"
6046,0,0.109375,0.03125,0.203125,0.65625,"200K-300K"
3499,0.92,0,0.08,0,0,"< 100K"
5205,0,0.0591715976331361,0.029585798816568,0.207100591715976,0.70414201183432,"200K-300K"
5596,0,0.1,0,0.1,0.8,"200K-300K"
4361,0.117021276595745,0,0.686170212765957,0.180851063829787,0.0159574468085106,"100K-150K"
2050,0,0.0714285714285714,0,0.0714285714285714,0.857142857142857,"200K-300K"
3292,0.148148148148148,0,0.148148148148148,0.481481481481481,0.222222222222222,"150K-200K"
652,0.0602409638554217,0,0.891566265060241,0.0481927710843373,0,"100K-150K"
2408,0,0.05,0.0166666666666667,0.0666666666666667,0.866666666666667,"200K-300K"
2816,0,0.0909090909090909,0.0681818181818182,0.227272727272727,0.613636363636364,"200K-300K"
453,0.0602409638554217,0,0.891566265060241,0.0481927710843373,0,"100K-150K"
5353,0.911602209944751,0,0.0883977900552486,0,0,"< 100K"
3025,0.1,0,0.6,0.2,0.1,"100K-150K"
4583,0,1,0,0,0,"> 300K"
778,0.767123287671233,0,0.232876712328767,0,0,"< 100K"
724,0,0.0591715976331361,0.029585798816568,0.207100591715976,0.70414201183432,"200K-300K"
2352,0.0138888888888889,0,0.111111111111111,0.805555555555556,0.0694444444444445,"150K-200K"
668,0.223684210526316,0,0.75,0.0131578947368421,0.0131578947368421,"100K-150K"
4562,0.911602209944751,0,0.0883977900552486,0,0,"< 100K"
155,0,0.916289592760181,0,0.0180995475113122,0.0656108597285068,"> 300K"
92,0.117021276595745,0,0.686170212765957,0.180851063829787,0.0159574468085106,"100K-150K"
3775,0.202020202020202,0,0.626262626262626,0.131313131313131,0.0404040404040404,"100K-150K"
799,0,0.113924050632911,0.0126582278481013,0.151898734177215,0.721518987341772,"200K-300K"
3749,0,0.0714285714285714,0,0.0714285714285714,0.857142857142857,"200K-300K"
3627,0,0.916289592760181,0,0.0180995475113122,0.0656108597285068,"> 300K"
5074,0,0.769230769230769,0,0,0.230769230769231,"> 300K"
4816,0,0.916289592760181,0,0.0180995475113122,0.0656108597285068,"> 300K"
5122,0,0.0591715976331361,0.029585798816568,0.207100591715976,0.70414201183432,"200K-300K"
4567,0,0.875,0,0,0.125,"> 300K"
5278,0.117021276595745,0,0.686170212765957,0.180851063829787,0.0159574468085106,"100K-150K"
2780,0,0,0.777777777777778,0.222222222222222,0,"100K-150K"
6026,0.202020202020202,0,0.626262626262626,0.131313131313131,0.0404040404040404,"100K-150K"
2960,0,0.916289592760181,0,0.0180995475113122,0.0656108597285068,"> 300K"
2400,0,0,0.116279069767442,0.511627906976744,0.372093023255814,"150K-200K"
3426,0.0317460317460318,0.00793650793650794,0.206349206349206,0.619047619047619,0.134920634920635,"150K-200K"
364,0,0.896551724137931,0,0,0.103448275862069,"> 300K"
5482,0.75,0.125,0,0,0.125,"< 100K"
1965,0.911602209944751,0,0.0883977900552486,0,0,"< 100K"
4898,0.223684210526316,0,0.75,0.0131578947368421,0.0131578947368421,"100K-150K"
735,0.911602209944751,0,0.0883977900552486,0,0,"< 100K"
2142,0,0.916289592760181,0,0.0180995475113122,0.0656108597285068,"> 300K"
3093,0.558823529411765,0.147058823529412,0.235294117647059,0.0588235294117647,0,"< 100K"
3736,0,0.916289592760181,0,0.0180995475113122,0.0656108597285068,"> 300K"
5903,0,0.0666666666666667,0.0666666666666667,0.266666666666667,0.6,"200K-300K"
5783,0,0.138888888888889,0.138888888888889,0.583333333333333,0.138888888888889,"150K-200K"
1175,0.558823529411765,0.147058823529412,0.235294117647059,0.0588235294117647,0,"< 100K"
2497,0.92,0,0.08,0,0,"< 100K"
6001,0.791666666666667,0,0.125,0.0833333333333333,0,"< 100K"
2334,0,0.916289592760181,0,0.0180995475113122,0.0656108597285068,"> 300K"
1293,0.0166666666666667,0,0.716666666666667,0.25,0.0166666666666667,"100K-150K"
812,0,0,0,0,1,"200K-300K"
2914,0.0344827586206897,0,0.206896551724138,0.724137931034483,0.0344827586206897,"150K-200K"
4377,0,0.138888888888889,0.138888888888889,0.583333333333333,0.138888888888889,"150K-200K"
5700,0.202020202020202,0,0.626262626262626,0.131313131313131,0.0404040404040404,"100K-150K"
3259,0.223684210526316,0,0.75,0.0131578947368421,0.0131578947368421,"100K-150K"
3446,0.148148148148148,0,0.148148148148148,0.481481481481481,0.222222222222222,"150K-200K"
4175,0.584269662921348,0,0.359550561797753,0.0449438202247191,0.0112359550561798,"< 100K"
3562,0.767123287671233,0,0.232876712328767,0,0,"< 100K"
